DateKey	Date	Day	Weekno	Month	Monthshort	Monthno	Quarter	Year
20200101	1/1/2020	Wednesday	1	January	Jan	1	1	2020
20200102	1/2/2020	Thursday	1	January	Jan	1	1	2020
20200103	1/3/2020	Friday	1	January	Jan	1	1	2020
20200104	1/4/2020	Saturday	1	January	Jan	1	1	2020
20200105	1/5/2020	Sunday	2	January	Jan	1	1	2020
20200106	1/6/2020	Monday	2	January	Jan	1	1	2020
20200107	1/7/2020	Tuesday	2	January	Jan	1	1	2020
20200108	1/8/2020	Wednesday	2	January	Jan	1	1	2020
20200109	1/9/2020	Thursday	2	January	Jan	1	1	2020
20200110	1/10/2020	Friday	2	January	Jan	1	1	2020
20200111	1/11/2020	Saturday	2	January	Jan	1	1	2020
20200112	1/12/2020	Sunday	3	January	Jan	1	1	2020
20200113	1/13/2020	Monday	3	January	Jan	1	1	2020
20200114	1/14/2020	Tuesday	3	January	Jan	1	1	2020
20200115	1/15/2020	Wednesday	3	January	Jan	1	1	2020
20200116	1/16/2020	Thursday	3	January	Jan	1	1	2020
20200117	1/17/2020	Friday	3	January	Jan	1	1	2020
20200118	1/18/2020	Saturday	3	January	Jan	1	1	2020
20200119	1/19/2020	Sunday	4	January	Jan	1	1	2020
20200120	1/20/2020	Monday	4	January	Jan	1	1	2020
20200121	1/21/2020	Tuesday	4	January	Jan	1	1	2020
20200122	1/22/2020	Wednesday	4	January	Jan	1	1	2020
20200123	1/23/2020	Thursday	4	January	Jan	1	1	2020
20200124	1/24/2020	Friday	4	January	Jan	1	1	2020
20200125	1/25/2020	Saturday	4	January	Jan	1	1	2020
20200126	1/26/2020	Sunday	5	January	Jan	1	1	2020
20200127	1/27/2020	Monday	5	January	Jan	1	1	2020
20200128	1/28/2020	Tuesday	5	January	Jan	1	1	2020
20200129	1/29/2020	Wednesday	5	January	Jan	1	1	2020
20200130	1/30/2020	Thursday	5	January	Jan	1	1	2020
20200131	1/31/2020	Friday	5	January	Jan	1	1	2020
20200201	2/1/2020	Saturday	5	February	Feb	2	1	2020
20200202	2/2/2020	Sunday	6	February	Feb	2	1	2020
20200203	2/3/2020	Monday	6	February	Feb	2	1	2020
20200204	2/4/2020	Tuesday	6	February	Feb	2	1	2020
20200205	2/5/2020	Wednesday	6	February	Feb	2	1	2020
20200206	2/6/2020	Thursday	6	February	Feb	2	1	2020
20200207	2/7/2020	Friday	6	February	Feb	2	1	2020
20200208	2/8/2020	Saturday	6	February	Feb	2	1	2020
20200209	2/9/2020	Sunday	7	February	Feb	2	1	2020
20200210	2/10/2020	Monday	7	February	Feb	2	1	2020
20200211	2/11/2020	Tuesday	7	February	Feb	2	1	2020
20200212	2/12/2020	Wednesday	7	February	Feb	2	1	2020
20200213	2/13/2020	Thursday	7	February	Feb	2	1	2020
20200214	2/14/2020	Friday	7	February	Feb	2	1	2020
20200215	2/15/2020	Saturday	7	February	Feb	2	1	2020
20200216	2/16/2020	Sunday	8	February	Feb	2	1	2020
20200217	2/17/2020	Monday	8	February	Feb	2	1	2020
20200218	2/18/2020	Tuesday	8	February	Feb	2	1	2020
20200219	2/19/2020	Wednesday	8	February	Feb	2	1	2020
20200220	2/20/2020	Thursday	8	February	Feb	2	1	2020
20200221	2/21/2020	Friday	8	February	Feb	2	1	2020
20200222	2/22/2020	Saturday	8	February	Feb	2	1	2020
20200223	2/23/2020	Sunday	9	February	Feb	2	1	2020
20200224	2/24/2020	Monday	9	February	Feb	2	1	2020
20200225	2/25/2020	Tuesday	9	February	Feb	2	1	2020
20200226	2/26/2020	Wednesday	9	February	Feb	2	1	2020
20200227	2/27/2020	Thursday	9	February	Feb	2	1	2020
20200228	2/28/2020	Friday	9	February	Feb	2	1	2020
20200229	2/29/2020	Saturday	9	February	Feb	2	1	2020
20200301	3/1/2020	Sunday	10	March	Mar	3	1	2020
20200302	3/2/2020	Monday	10	March	Mar	3	1	2020
20200303	3/3/2020	Tuesday	10	March	Mar	3	1	2020
20200304	3/4/2020	Wednesday	10	March	Mar	3	1	2020
20200305	3/5/2020	Thursday	10	March	Mar	3	1	2020
20200306	3/6/2020	Friday	10	March	Mar	3	1	2020
20200307	3/7/2020	Saturday	10	March	Mar	3	1	2020
20200308	3/8/2020	Sunday	11	March	Mar	3	1	2020
20200309	3/9/2020	Monday	11	March	Mar	3	1	2020
20200310	3/10/2020	Tuesday	11	March	Mar	3	1	2020
20200311	3/11/2020	Wednesday	11	March	Mar	3	1	2020
20200312	3/12/2020	Thursday	11	March	Mar	3	1	2020
20200313	3/13/2020	Friday	11	March	Mar	3	1	2020
20200314	3/14/2020	Saturday	11	March	Mar	3	1	2020
20200315	3/15/2020	Sunday	12	March	Mar	3	1	2020
20200316	3/16/2020	Monday	12	March	Mar	3	1	2020
20200317	3/17/2020	Tuesday	12	March	Mar	3	1	2020
20200318	3/18/2020	Wednesday	12	March	Mar	3	1	2020
20200319	3/19/2020	Thursday	12	March	Mar	3	1	2020
20200320	3/20/2020	Friday	12	March	Mar	3	1	2020
20200321	3/21/2020	Saturday	12	March	Mar	3	1	2020
20200322	3/22/2020	Sunday	13	March	Mar	3	1	2020
20200323	3/23/2020	Monday	13	March	Mar	3	1	2020
20200324	3/24/2020	Tuesday	13	March	Mar	3	1	2020
20200325	3/25/2020	Wednesday	13	March	Mar	3	1	2020
20200326	3/26/2020	Thursday	13	March	Mar	3	1	2020
20200327	3/27/2020	Friday	13	March	Mar	3	1	2020
20200328	3/28/2020	Saturday	13	March	Mar	3	1	2020
20200329	3/29/2020	Sunday	14	March	Mar	3	1	2020
20200330	3/30/2020	Monday	14	March	Mar	3	1	2020
20200331	3/31/2020	Tuesday	14	March	Mar	3	1	2020
20200401	4/1/2020	Wednesday	14	April	Apr	4	2	2020
20200402	4/2/2020	Thursday	14	April	Apr	4	2	2020
20200403	4/3/2020	Friday	14	April	Apr	4	2	2020
20200404	4/4/2020	Saturday	14	April	Apr	4	2	2020
20200405	4/5/2020	Sunday	15	April	Apr	4	2	2020
20200406	4/6/2020	Monday	15	April	Apr	4	2	2020
20200407	4/7/2020	Tuesday	15	April	Apr	4	2	2020
20200408	4/8/2020	Wednesday	15	April	Apr	4	2	2020
20200409	4/9/2020	Thursday	15	April	Apr	4	2	2020
20200410	4/10/2020	Friday	15	April	Apr	4	2	2020
20200411	4/11/2020	Saturday	15	April	Apr	4	2	2020
20200412	4/12/2020	Sunday	16	April	Apr	4	2	2020
20200413	4/13/2020	Monday	16	April	Apr	4	2	2020
20200414	4/14/2020	Tuesday	16	April	Apr	4	2	2020
20200415	4/15/2020	Wednesday	16	April	Apr	4	2	2020
20200416	4/16/2020	Thursday	16	April	Apr	4	2	2020
20200417	4/17/2020	Friday	16	April	Apr	4	2	2020
20200418	4/18/2020	Saturday	16	April	Apr	4	2	2020
20200419	4/19/2020	Sunday	17	April	Apr	4	2	2020
20200420	4/20/2020	Monday	17	April	Apr	4	2	2020
20200421	4/21/2020	Tuesday	17	April	Apr	4	2	2020
20200422	4/22/2020	Wednesday	17	April	Apr	4	2	2020
20200423	4/23/2020	Thursday	17	April	Apr	4	2	2020
20200424	4/24/2020	Friday	17	April	Apr	4	2	2020
20200425	4/25/2020	Saturday	17	April	Apr	4	2	2020
20200426	4/26/2020	Sunday	18	April	Apr	4	2	2020
20200427	4/27/2020	Monday	18	April	Apr	4	2	2020
20200428	4/28/2020	Tuesday	18	April	Apr	4	2	2020
20200429	4/29/2020	Wednesday	18	April	Apr	4	2	2020
20200430	4/30/2020	Thursday	18	April	Apr	4	2	2020
20200501	5/1/2020	Friday	18	May	May	5	2	2020
20200502	5/2/2020	Saturday	18	May	May	5	2	2020
20200503	5/3/2020	Sunday	19	May	May	5	2	2020
20200504	5/4/2020	Monday	19	May	May	5	2	2020
20200505	5/5/2020	Tuesday	19	May	May	5	2	2020
20200506	5/6/2020	Wednesday	19	May	May	5	2	2020
20200507	5/7/2020	Thursday	19	May	May	5	2	2020
20200508	5/8/2020	Friday	19	May	May	5	2	2020
20200509	5/9/2020	Saturday	19	May	May	5	2	2020
20200510	5/10/2020	Sunday	20	May	May	5	2	2020
20200511	5/11/2020	Monday	20	May	May	5	2	2020
20200512	5/12/2020	Tuesday	20	May	May	5	2	2020
20200513	5/13/2020	Wednesday	20	May	May	5	2	2020
20200514	5/14/2020	Thursday	20	May	May	5	2	2020
20200515	5/15/2020	Friday	20	May	May	5	2	2020
20200516	5/16/2020	Saturday	20	May	May	5	2	2020
20200517	5/17/2020	Sunday	21	May	May	5	2	2020
20200518	5/18/2020	Monday	21	May	May	5	2	2020
20200519	5/19/2020	Tuesday	21	May	May	5	2	2020
20200520	5/20/2020	Wednesday	21	May	May	5	2	2020
20200521	5/21/2020	Thursday	21	May	May	5	2	2020
20200522	5/22/2020	Friday	21	May	May	5	2	2020
20200523	5/23/2020	Saturday	21	May	May	5	2	2020
20200524	5/24/2020	Sunday	22	May	May	5	2	2020
20200525	5/25/2020	Monday	22	May	May	5	2	2020
20200526	5/26/2020	Tuesday	22	May	May	5	2	2020
20200527	5/27/2020	Wednesday	22	May	May	5	2	2020
20200528	5/28/2020	Thursday	22	May	May	5	2	2020
20200529	5/29/2020	Friday	22	May	May	5	2	2020
20200530	5/30/2020	Saturday	22	May	May	5	2	2020
20200531	5/31/2020	Sunday	23	May	May	5	2	2020
20200601	6/1/2020	Monday	23	June	Jun	6	2	2020
20200602	6/2/2020	Tuesday	23	June	Jun	6	2	2020
20200603	6/3/2020	Wednesday	23	June	Jun	6	2	2020
20200604	6/4/2020	Thursday	23	June	Jun	6	2	2020
20200605	6/5/2020	Friday	23	June	Jun	6	2	2020
20200606	6/6/2020	Saturday	23	June	Jun	6	2	2020
20200607	6/7/2020	Sunday	24	June	Jun	6	2	2020
20200608	6/8/2020	Monday	24	June	Jun	6	2	2020
20200609	6/9/2020	Tuesday	24	June	Jun	6	2	2020
20200610	6/10/2020	Wednesday	24	June	Jun	6	2	2020
20200611	6/11/2020	Thursday	24	June	Jun	6	2	2020
20200612	6/12/2020	Friday	24	June	Jun	6	2	2020
20200613	6/13/2020	Saturday	24	June	Jun	6	2	2020
20200614	6/14/2020	Sunday	25	June	Jun	6	2	2020
20200615	6/15/2020	Monday	25	June	Jun	6	2	2020
20200616	6/16/2020	Tuesday	25	June	Jun	6	2	2020
20200617	6/17/2020	Wednesday	25	June	Jun	6	2	2020
20200618	6/18/2020	Thursday	25	June	Jun	6	2	2020
20200619	6/19/2020	Friday	25	June	Jun	6	2	2020
20200620	6/20/2020	Saturday	25	June	Jun	6	2	2020
20200621	6/21/2020	Sunday	26	June	Jun	6	2	2020
20200622	6/22/2020	Monday	26	June	Jun	6	2	2020
20200623	6/23/2020	Tuesday	26	June	Jun	6	2	2020
20200624	6/24/2020	Wednesday	26	June	Jun	6	2	2020
20200625	6/25/2020	Thursday	26	June	Jun	6	2	2020
20200626	6/26/2020	Friday	26	June	Jun	6	2	2020
20200627	6/27/2020	Saturday	26	June	Jun	6	2	2020
20200628	6/28/2020	Sunday	27	June	Jun	6	2	2020
20200629	6/29/2020	Monday	27	June	Jun	6	2	2020
20200630	6/30/2020	Tuesday	27	June	Jun	6	2	2020
20200701	7/1/2020	Wednesday	27	July	Jul	7	3	2020
20200702	7/2/2020	Thursday	27	July	Jul	7	3	2020
20200703	7/3/2020	Friday	27	July	Jul	7	3	2020
20200704	7/4/2020	Saturday	27	July	Jul	7	3	2020
20200705	7/5/2020	Sunday	28	July	Jul	7	3	2020
20200706	7/6/2020	Monday	28	July	Jul	7	3	2020
20200707	7/7/2020	Tuesday	28	July	Jul	7	3	2020
20200708	7/8/2020	Wednesday	28	July	Jul	7	3	2020
20200709	7/9/2020	Thursday	28	July	Jul	7	3	2020
20200710	7/10/2020	Friday	28	July	Jul	7	3	2020
20200711	7/11/2020	Saturday	28	July	Jul	7	3	2020
20200712	7/12/2020	Sunday	29	July	Jul	7	3	2020
20200713	7/13/2020	Monday	29	July	Jul	7	3	2020
20200714	7/14/2020	Tuesday	29	July	Jul	7	3	2020
20200715	7/15/2020	Wednesday	29	July	Jul	7	3	2020
20200716	7/16/2020	Thursday	29	July	Jul	7	3	2020
20200717	7/17/2020	Friday	29	July	Jul	7	3	2020
20200718	7/18/2020	Saturday	29	July	Jul	7	3	2020
20200719	7/19/2020	Sunday	30	July	Jul	7	3	2020
20200720	7/20/2020	Monday	30	July	Jul	7	3	2020
20200721	7/21/2020	Tuesday	30	July	Jul	7	3	2020
20200722	7/22/2020	Wednesday	30	July	Jul	7	3	2020
20200723	7/23/2020	Thursday	30	July	Jul	7	3	2020
20200724	7/24/2020	Friday	30	July	Jul	7	3	2020
20200725	7/25/2020	Saturday	30	July	Jul	7	3	2020
20200726	7/26/2020	Sunday	31	July	Jul	7	3	2020
20200727	7/27/2020	Monday	31	July	Jul	7	3	2020
20200728	7/28/2020	Tuesday	31	July	Jul	7	3	2020
20200729	7/29/2020	Wednesday	31	July	Jul	7	3	2020
20200730	7/30/2020	Thursday	31	July	Jul	7	3	2020
20200731	7/31/2020	Friday	31	July	Jul	7	3	2020
20200801	8/1/2020	Saturday	31	August	Aug	8	3	2020
20200802	8/2/2020	Sunday	32	August	Aug	8	3	2020
20200803	8/3/2020	Monday	32	August	Aug	8	3	2020
20200804	8/4/2020	Tuesday	32	August	Aug	8	3	2020
20200805	8/5/2020	Wednesday	32	August	Aug	8	3	2020
20200806	8/6/2020	Thursday	32	August	Aug	8	3	2020
20200807	8/7/2020	Friday	32	August	Aug	8	3	2020
20200808	8/8/2020	Saturday	32	August	Aug	8	3	2020
20200809	8/9/2020	Sunday	33	August	Aug	8	3	2020
20200810	8/10/2020	Monday	33	August	Aug	8	3	2020
20200811	8/11/2020	Tuesday	33	August	Aug	8	3	2020
20200812	8/12/2020	Wednesday	33	August	Aug	8	3	2020
20200813	8/13/2020	Thursday	33	August	Aug	8	3	2020
20200814	8/14/2020	Friday	33	August	Aug	8	3	2020
20200815	8/15/2020	Saturday	33	August	Aug	8	3	2020
20200816	8/16/2020	Sunday	34	August	Aug	8	3	2020
20200817	8/17/2020	Monday	34	August	Aug	8	3	2020
20200818	8/18/2020	Tuesday	34	August	Aug	8	3	2020
20200819	8/19/2020	Wednesday	34	August	Aug	8	3	2020
20200820	8/20/2020	Thursday	34	August	Aug	8	3	2020
20200821	8/21/2020	Friday	34	August	Aug	8	3	2020
20200822	8/22/2020	Saturday	34	August	Aug	8	3	2020
20200823	8/23/2020	Sunday	35	August	Aug	8	3	2020
20200824	8/24/2020	Monday	35	August	Aug	8	3	2020
20200825	8/25/2020	Tuesday	35	August	Aug	8	3	2020
20200826	8/26/2020	Wednesday	35	August	Aug	8	3	2020
20200827	8/27/2020	Thursday	35	August	Aug	8	3	2020
20200828	8/28/2020	Friday	35	August	Aug	8	3	2020
20200829	8/29/2020	Saturday	35	August	Aug	8	3	2020
20200830	8/30/2020	Sunday	36	August	Aug	8	3	2020
20200831	8/31/2020	Monday	36	August	Aug	8	3	2020
20200901	9/1/2020	Tuesday	36	September	Sep	9	3	2020
20200902	9/2/2020	Wednesday	36	September	Sep	9	3	2020
20200903	9/3/2020	Thursday	36	September	Sep	9	3	2020
20200904	9/4/2020	Friday	36	September	Sep	9	3	2020
20200905	9/5/2020	Saturday	36	September	Sep	9	3	2020
20200906	9/6/2020	Sunday	37	September	Sep	9	3	2020
20200907	9/7/2020	Monday	37	September	Sep	9	3	2020
20200908	9/8/2020	Tuesday	37	September	Sep	9	3	2020
20200909	9/9/2020	Wednesday	37	September	Sep	9	3	2020
20200910	9/10/2020	Thursday	37	September	Sep	9	3	2020
20200911	9/11/2020	Friday	37	September	Sep	9	3	2020
20200912	9/12/2020	Saturday	37	September	Sep	9	3	2020
20200913	9/13/2020	Sunday	38	September	Sep	9	3	2020
20200914	9/14/2020	Monday	38	September	Sep	9	3	2020
20200915	9/15/2020	Tuesday	38	September	Sep	9	3	2020
20200916	9/16/2020	Wednesday	38	September	Sep	9	3	2020
20200917	9/17/2020	Thursday	38	September	Sep	9	3	2020
20200918	9/18/2020	Friday	38	September	Sep	9	3	2020
20200919	9/19/2020	Saturday	38	September	Sep	9	3	2020
20200920	9/20/2020	Sunday	39	September	Sep	9	3	2020
20200921	9/21/2020	Monday	39	September	Sep	9	3	2020
20200922	9/22/2020	Tuesday	39	September	Sep	9	3	2020
20200923	9/23/2020	Wednesday	39	September	Sep	9	3	2020
20200924	9/24/2020	Thursday	39	September	Sep	9	3	2020
20200925	9/25/2020	Friday	39	September	Sep	9	3	2020
20200926	9/26/2020	Saturday	39	September	Sep	9	3	2020
20200927	9/27/2020	Sunday	40	September	Sep	9	3	2020
20200928	9/28/2020	Monday	40	September	Sep	9	3	2020
20200929	9/29/2020	Tuesday	40	September	Sep	9	3	2020
20200930	9/30/2020	Wednesday	40	September	Sep	9	3	2020
20201001	10/1/2020	Thursday	40	October	Oct	10	4	2020
20201002	10/2/2020	Friday	40	October	Oct	10	4	2020
20201003	10/3/2020	Saturday	40	October	Oct	10	4	2020
20201004	10/4/2020	Sunday	41	October	Oct	10	4	2020
20201005	10/5/2020	Monday	41	October	Oct	10	4	2020
20201006	10/6/2020	Tuesday	41	October	Oct	10	4	2020
20201007	10/7/2020	Wednesday	41	October	Oct	10	4	2020
20201008	10/8/2020	Thursday	41	October	Oct	10	4	2020
20201009	10/9/2020	Friday	41	October	Oct	10	4	2020
20201010	10/10/2020	Saturday	41	October	Oct	10	4	2020
20201011	10/11/2020	Sunday	42	October	Oct	10	4	2020
20201012	10/12/2020	Monday	42	October	Oct	10	4	2020
20201013	10/13/2020	Tuesday	42	October	Oct	10	4	2020
20201014	10/14/2020	Wednesday	42	October	Oct	10	4	2020
20201015	10/15/2020	Thursday	42	October	Oct	10	4	2020
20201016	10/16/2020	Friday	42	October	Oct	10	4	2020
20201017	10/17/2020	Saturday	42	October	Oct	10	4	2020
20201018	10/18/2020	Sunday	43	October	Oct	10	4	2020
20201019	10/19/2020	Monday	43	October	Oct	10	4	2020
20201020	10/20/2020	Tuesday	43	October	Oct	10	4	2020
20201021	10/21/2020	Wednesday	43	October	Oct	10	4	2020
20201022	10/22/2020	Thursday	43	October	Oct	10	4	2020
20201023	10/23/2020	Friday	43	October	Oct	10	4	2020
20201024	10/24/2020	Saturday	43	October	Oct	10	4	2020
20201025	10/25/2020	Sunday	44	October	Oct	10	4	2020
20201026	10/26/2020	Monday	44	October	Oct	10	4	2020
20201027	10/27/2020	Tuesday	44	October	Oct	10	4	2020
20201028	10/28/2020	Wednesday	44	October	Oct	10	4	2020
20201029	10/29/2020	Thursday	44	October	Oct	10	4	2020
20201030	10/30/2020	Friday	44	October	Oct	10	4	2020
20201031	10/31/2020	Saturday	44	October	Oct	10	4	2020
20201101	11/1/2020	Sunday	45	November	Nov	11	4	2020
20201102	11/2/2020	Monday	45	November	Nov	11	4	2020
20201103	11/3/2020	Tuesday	45	November	Nov	11	4	2020
20201104	11/4/2020	Wednesday	45	November	Nov	11	4	2020
20201105	11/5/2020	Thursday	45	November	Nov	11	4	2020
20201106	11/6/2020	Friday	45	November	Nov	11	4	2020
20201107	11/7/2020	Saturday	45	November	Nov	11	4	2020
20201108	11/8/2020	Sunday	46	November	Nov	11	4	2020
20201109	11/9/2020	Monday	46	November	Nov	11	4	2020
20201110	11/10/2020	Tuesday	46	November	Nov	11	4	2020
20201111	11/11/2020	Wednesday	46	November	Nov	11	4	2020
20201112	11/12/2020	Thursday	46	November	Nov	11	4	2020
20201113	11/13/2020	Friday	46	November	Nov	11	4	2020
20201114	11/14/2020	Saturday	46	November	Nov	11	4	2020
20201115	11/15/2020	Sunday	47	November	Nov	11	4	2020
20201116	11/16/2020	Monday	47	November	Nov	11	4	2020
20201117	11/17/2020	Tuesday	47	November	Nov	11	4	2020
20201118	11/18/2020	Wednesday	47	November	Nov	11	4	2020
20201119	11/19/2020	Thursday	47	November	Nov	11	4	2020
20201120	11/20/2020	Friday	47	November	Nov	11	4	2020
20201121	11/21/2020	Saturday	47	November	Nov	11	4	2020
20201122	11/22/2020	Sunday	48	November	Nov	11	4	2020
20201123	11/23/2020	Monday	48	November	Nov	11	4	2020
20201124	11/24/2020	Tuesday	48	November	Nov	11	4	2020
20201125	11/25/2020	Wednesday	48	November	Nov	11	4	2020
20201126	11/26/2020	Thursday	48	November	Nov	11	4	2020
20201127	11/27/2020	Friday	48	November	Nov	11	4	2020
20201128	11/28/2020	Saturday	48	November	Nov	11	4	2020
20201129	11/29/2020	Sunday	49	November	Nov	11	4	2020
20201130	11/30/2020	Monday	49	November	Nov	11	4	2020
20201201	12/1/2020	Tuesday	49	December	Dec	12	4	2020
20201202	12/2/2020	Wednesday	49	December	Dec	12	4	2020
20201203	12/3/2020	Thursday	49	December	Dec	12	4	2020
20201204	12/4/2020	Friday	49	December	Dec	12	4	2020
20201205	12/5/2020	Saturday	49	December	Dec	12	4	2020
20201206	12/6/2020	Sunday	50	December	Dec	12	4	2020
20201207	12/7/2020	Monday	50	December	Dec	12	4	2020
20201208	12/8/2020	Tuesday	50	December	Dec	12	4	2020
20201209	12/9/2020	Wednesday	50	December	Dec	12	4	2020
20201210	12/10/2020	Thursday	50	December	Dec	12	4	2020
20201211	12/11/2020	Friday	50	December	Dec	12	4	2020
20201212	12/12/2020	Saturday	50	December	Dec	12	4	2020
20201213	12/13/2020	Sunday	51	December	Dec	12	4	2020
20201214	12/14/2020	Monday	51	December	Dec	12	4	2020
20201215	12/15/2020	Tuesday	51	December	Dec	12	4	2020
20201216	12/16/2020	Wednesday	51	December	Dec	12	4	2020
20201217	12/17/2020	Thursday	51	December	Dec	12	4	2020
20201218	12/18/2020	Friday	51	December	Dec	12	4	2020
20201219	12/19/2020	Saturday	51	December	Dec	12	4	2020
20201220	12/20/2020	Sunday	52	December	Dec	12	4	2020
20201221	12/21/2020	Monday	52	December	Dec	12	4	2020
20201222	12/22/2020	Tuesday	52	December	Dec	12	4	2020
20201223	12/23/2020	Wednesday	52	December	Dec	12	4	2020
20201224	12/24/2020	Thursday	52	December	Dec	12	4	2020
20201225	12/25/2020	Friday	52	December	Dec	12	4	2020
20201226	12/26/2020	Saturday	52	December	Dec	12	4	2020
20201227	12/27/2020	Sunday	53	December	Dec	12	4	2020
20201228	12/28/2020	Monday	53	December	Dec	12	4	2020
20201229	12/29/2020	Tuesday	53	December	Dec	12	4	2020
20201230	12/30/2020	Wednesday	53	December	Dec	12	4	2020
20201231	12/31/2020	Thursday	53	December	Dec	12	4	2020
20210101	1/1/2021	Friday	1	January	Jan	1	1	2021
20210102	1/2/2021	Saturday	1	January	Jan	1	1	2021
20210103	1/3/2021	Sunday	2	January	Jan	1	1	2021
20210104	1/4/2021	Monday	2	January	Jan	1	1	2021
20210105	1/5/2021	Tuesday	2	January	Jan	1	1	2021
20210106	1/6/2021	Wednesday	2	January	Jan	1	1	2021
20210107	1/7/2021	Thursday	2	January	Jan	1	1	2021
20210108	1/8/2021	Friday	2	January	Jan	1	1	2021
20210109	1/9/2021	Saturday	2	January	Jan	1	1	2021
20210110	1/10/2021	Sunday	3	January	Jan	1	1	2021
20210111	1/11/2021	Monday	3	January	Jan	1	1	2021
20210112	1/12/2021	Tuesday	3	January	Jan	1	1	2021
20210113	1/13/2021	Wednesday	3	January	Jan	1	1	2021
20210114	1/14/2021	Thursday	3	January	Jan	1	1	2021
20210115	1/15/2021	Friday	3	January	Jan	1	1	2021
20210116	1/16/2021	Saturday	3	January	Jan	1	1	2021
20210117	1/17/2021	Sunday	4	January	Jan	1	1	2021
20210118	1/18/2021	Monday	4	January	Jan	1	1	2021
20210119	1/19/2021	Tuesday	4	January	Jan	1	1	2021
20210120	1/20/2021	Wednesday	4	January	Jan	1	1	2021
20210121	1/21/2021	Thursday	4	January	Jan	1	1	2021
20210122	1/22/2021	Friday	4	January	Jan	1	1	2021
20210123	1/23/2021	Saturday	4	January	Jan	1	1	2021
20210124	1/24/2021	Sunday	5	January	Jan	1	1	2021
20210125	1/25/2021	Monday	5	January	Jan	1	1	2021
20210126	1/26/2021	Tuesday	5	January	Jan	1	1	2021
20210127	1/27/2021	Wednesday	5	January	Jan	1	1	2021
20210128	1/28/2021	Thursday	5	January	Jan	1	1	2021
20210129	1/29/2021	Friday	5	January	Jan	1	1	2021
20210130	1/30/2021	Saturday	5	January	Jan	1	1	2021
20210131	1/31/2021	Sunday	6	January	Jan	1	1	2021
20210201	2/1/2021	Monday	6	February	Feb	2	1	2021
20210202	2/2/2021	Tuesday	6	February	Feb	2	1	2021
20210203	2/3/2021	Wednesday	6	February	Feb	2	1	2021
20210204	2/4/2021	Thursday	6	February	Feb	2	1	2021
20210205	2/5/2021	Friday	6	February	Feb	2	1	2021
20210206	2/6/2021	Saturday	6	February	Feb	2	1	2021
20210207	2/7/2021	Sunday	7	February	Feb	2	1	2021
20210208	2/8/2021	Monday	7	February	Feb	2	1	2021
20210209	2/9/2021	Tuesday	7	February	Feb	2	1	2021
20210210	2/10/2021	Wednesday	7	February	Feb	2	1	2021
20210211	2/11/2021	Thursday	7	February	Feb	2	1	2021
20210212	2/12/2021	Friday	7	February	Feb	2	1	2021
20210213	2/13/2021	Saturday	7	February	Feb	2	1	2021
20210214	2/14/2021	Sunday	8	February	Feb	2	1	2021
20210215	2/15/2021	Monday	8	February	Feb	2	1	2021
20210216	2/16/2021	Tuesday	8	February	Feb	2	1	2021
20210217	2/17/2021	Wednesday	8	February	Feb	2	1	2021
20210218	2/18/2021	Thursday	8	February	Feb	2	1	2021
20210219	2/19/2021	Friday	8	February	Feb	2	1	2021
20210220	2/20/2021	Saturday	8	February	Feb	2	1	2021
20210221	2/21/2021	Sunday	9	February	Feb	2	1	2021
20210222	2/22/2021	Monday	9	February	Feb	2	1	2021
20210223	2/23/2021	Tuesday	9	February	Feb	2	1	2021
20210224	2/24/2021	Wednesday	9	February	Feb	2	1	2021
20210225	2/25/2021	Thursday	9	February	Feb	2	1	2021
20210226	2/26/2021	Friday	9	February	Feb	2	1	2021
20210227	2/27/2021	Saturday	9	February	Feb	2	1	2021
20210228	2/28/2021	Sunday	10	February	Feb	2	1	2021
20210301	3/1/2021	Monday	10	March	Mar	3	1	2021
20210302	3/2/2021	Tuesday	10	March	Mar	3	1	2021
20210303	3/3/2021	Wednesday	10	March	Mar	3	1	2021
20210304	3/4/2021	Thursday	10	March	Mar	3	1	2021
20210305	3/5/2021	Friday	10	March	Mar	3	1	2021
20210306	3/6/2021	Saturday	10	March	Mar	3	1	2021
20210307	3/7/2021	Sunday	11	March	Mar	3	1	2021
20210308	3/8/2021	Monday	11	March	Mar	3	1	2021
20210309	3/9/2021	Tuesday	11	March	Mar	3	1	2021
20210310	3/10/2021	Wednesday	11	March	Mar	3	1	2021
20210311	3/11/2021	Thursday	11	March	Mar	3	1	2021
20210312	3/12/2021	Friday	11	March	Mar	3	1	2021
20210313	3/13/2021	Saturday	11	March	Mar	3	1	2021
20210314	3/14/2021	Sunday	12	March	Mar	3	1	2021
20210315	3/15/2021	Monday	12	March	Mar	3	1	2021
20210316	3/16/2021	Tuesday	12	March	Mar	3	1	2021
20210317	3/17/2021	Wednesday	12	March	Mar	3	1	2021
20210318	3/18/2021	Thursday	12	March	Mar	3	1	2021
20210319	3/19/2021	Friday	12	March	Mar	3	1	2021
20210320	3/20/2021	Saturday	12	March	Mar	3	1	2021
20210321	3/21/2021	Sunday	13	March	Mar	3	1	2021
20210322	3/22/2021	Monday	13	March	Mar	3	1	2021
20210323	3/23/2021	Tuesday	13	March	Mar	3	1	2021
20210324	3/24/2021	Wednesday	13	March	Mar	3	1	2021
20210325	3/25/2021	Thursday	13	March	Mar	3	1	2021
20210326	3/26/2021	Friday	13	March	Mar	3	1	2021
20210327	3/27/2021	Saturday	13	March	Mar	3	1	2021
20210328	3/28/2021	Sunday	14	March	Mar	3	1	2021
20210329	3/29/2021	Monday	14	March	Mar	3	1	2021
20210330	3/30/2021	Tuesday	14	March	Mar	3	1	2021
20210331	3/31/2021	Wednesday	14	March	Mar	3	1	2021
20210401	4/1/2021	Thursday	14	April	Apr	4	2	2021
20210402	4/2/2021	Friday	14	April	Apr	4	2	2021
20210403	4/3/2021	Saturday	14	April	Apr	4	2	2021
20210404	4/4/2021	Sunday	15	April	Apr	4	2	2021
20210405	4/5/2021	Monday	15	April	Apr	4	2	2021
20210406	4/6/2021	Tuesday	15	April	Apr	4	2	2021
20210407	4/7/2021	Wednesday	15	April	Apr	4	2	2021
20210408	4/8/2021	Thursday	15	April	Apr	4	2	2021
20210409	4/9/2021	Friday	15	April	Apr	4	2	2021
20210410	4/10/2021	Saturday	15	April	Apr	4	2	2021
20210411	4/11/2021	Sunday	16	April	Apr	4	2	2021
20210412	4/12/2021	Monday	16	April	Apr	4	2	2021
20210413	4/13/2021	Tuesday	16	April	Apr	4	2	2021
20210414	4/14/2021	Wednesday	16	April	Apr	4	2	2021
20210415	4/15/2021	Thursday	16	April	Apr	4	2	2021
20210416	4/16/2021	Friday	16	April	Apr	4	2	2021
20210417	4/17/2021	Saturday	16	April	Apr	4	2	2021
20210418	4/18/2021	Sunday	17	April	Apr	4	2	2021
20210419	4/19/2021	Monday	17	April	Apr	4	2	2021
20210420	4/20/2021	Tuesday	17	April	Apr	4	2	2021
20210421	4/21/2021	Wednesday	17	April	Apr	4	2	2021
20210422	4/22/2021	Thursday	17	April	Apr	4	2	2021
20210423	4/23/2021	Friday	17	April	Apr	4	2	2021
20210424	4/24/2021	Saturday	17	April	Apr	4	2	2021
20210425	4/25/2021	Sunday	18	April	Apr	4	2	2021
20210426	4/26/2021	Monday	18	April	Apr	4	2	2021
20210427	4/27/2021	Tuesday	18	April	Apr	4	2	2021
20210428	4/28/2021	Wednesday	18	April	Apr	4	2	2021
20210429	4/29/2021	Thursday	18	April	Apr	4	2	2021
20210430	4/30/2021	Friday	18	April	Apr	4	2	2021
20210501	5/1/2021	Saturday	18	May	May	5	2	2021
20210502	5/2/2021	Sunday	19	May	May	5	2	2021
20210503	5/3/2021	Monday	19	May	May	5	2	2021
20210504	5/4/2021	Tuesday	19	May	May	5	2	2021
20210505	5/5/2021	Wednesday	19	May	May	5	2	2021
20210506	5/6/2021	Thursday	19	May	May	5	2	2021
20210507	5/7/2021	Friday	19	May	May	5	2	2021
20210508	5/8/2021	Saturday	19	May	May	5	2	2021
20210509	5/9/2021	Sunday	20	May	May	5	2	2021
20210510	5/10/2021	Monday	20	May	May	5	2	2021
20210511	5/11/2021	Tuesday	20	May	May	5	2	2021
20210512	5/12/2021	Wednesday	20	May	May	5	2	2021
20210513	5/13/2021	Thursday	20	May	May	5	2	2021
20210514	5/14/2021	Friday	20	May	May	5	2	2021
20210515	5/15/2021	Saturday	20	May	May	5	2	2021
20210516	5/16/2021	Sunday	21	May	May	5	2	2021
20210517	5/17/2021	Monday	21	May	May	5	2	2021
20210518	5/18/2021	Tuesday	21	May	May	5	2	2021
20210519	5/19/2021	Wednesday	21	May	May	5	2	2021
20210520	5/20/2021	Thursday	21	May	May	5	2	2021
20210521	5/21/2021	Friday	21	May	May	5	2	2021
20210522	5/22/2021	Saturday	21	May	May	5	2	2021
20210523	5/23/2021	Sunday	22	May	May	5	2	2021
20210524	5/24/2021	Monday	22	May	May	5	2	2021
20210525	5/25/2021	Tuesday	22	May	May	5	2	2021
20210526	5/26/2021	Wednesday	22	May	May	5	2	2021
20210527	5/27/2021	Thursday	22	May	May	5	2	2021
20210528	5/28/2021	Friday	22	May	May	5	2	2021
20210529	5/29/2021	Saturday	22	May	May	5	2	2021
20210530	5/30/2021	Sunday	23	May	May	5	2	2021
20210531	5/31/2021	Monday	23	May	May	5	2	2021
20210601	6/1/2021	Tuesday	23	June	Jun	6	2	2021
20210602	6/2/2021	Wednesday	23	June	Jun	6	2	2021
20210603	6/3/2021	Thursday	23	June	Jun	6	2	2021
20210604	6/4/2021	Friday	23	June	Jun	6	2	2021
20210605	6/5/2021	Saturday	23	June	Jun	6	2	2021
20210606	6/6/2021	Sunday	24	June	Jun	6	2	2021
20210607	6/7/2021	Monday	24	June	Jun	6	2	2021
20210608	6/8/2021	Tuesday	24	June	Jun	6	2	2021
20210609	6/9/2021	Wednesday	24	June	Jun	6	2	2021
20210610	6/10/2021	Thursday	24	June	Jun	6	2	2021
20210611	6/11/2021	Friday	24	June	Jun	6	2	2021
20210612	6/12/2021	Saturday	24	June	Jun	6	2	2021
20210613	6/13/2021	Sunday	25	June	Jun	6	2	2021
20210614	6/14/2021	Monday	25	June	Jun	6	2	2021
20210615	6/15/2021	Tuesday	25	June	Jun	6	2	2021
20210616	6/16/2021	Wednesday	25	June	Jun	6	2	2021
20210617	6/17/2021	Thursday	25	June	Jun	6	2	2021
20210618	6/18/2021	Friday	25	June	Jun	6	2	2021
20210619	6/19/2021	Saturday	25	June	Jun	6	2	2021
20210620	6/20/2021	Sunday	26	June	Jun	6	2	2021
20210621	6/21/2021	Monday	26	June	Jun	6	2	2021
20210622	6/22/2021	Tuesday	26	June	Jun	6	2	2021
20210623	6/23/2021	Wednesday	26	June	Jun	6	2	2021
20210624	6/24/2021	Thursday	26	June	Jun	6	2	2021
20210625	6/25/2021	Friday	26	June	Jun	6	2	2021
20210626	6/26/2021	Saturday	26	June	Jun	6	2	2021
20210627	6/27/2021	Sunday	27	June	Jun	6	2	2021
20210628	6/28/2021	Monday	27	June	Jun	6	2	2021
20210629	6/29/2021	Tuesday	27	June	Jun	6	2	2021
20210630	6/30/2021	Wednesday	27	June	Jun	6	2	2021
20210701	7/1/2021	Thursday	27	July	Jul	7	3	2021
20210702	7/2/2021	Friday	27	July	Jul	7	3	2021
20210703	7/3/2021	Saturday	27	July	Jul	7	3	2021
20210704	7/4/2021	Sunday	28	July	Jul	7	3	2021
20210705	7/5/2021	Monday	28	July	Jul	7	3	2021
20210706	7/6/2021	Tuesday	28	July	Jul	7	3	2021
20210707	7/7/2021	Wednesday	28	July	Jul	7	3	2021
20210708	7/8/2021	Thursday	28	July	Jul	7	3	2021
20210709	7/9/2021	Friday	28	July	Jul	7	3	2021
20210710	7/10/2021	Saturday	28	July	Jul	7	3	2021
20210711	7/11/2021	Sunday	29	July	Jul	7	3	2021
20210712	7/12/2021	Monday	29	July	Jul	7	3	2021
20210713	7/13/2021	Tuesday	29	July	Jul	7	3	2021
20210714	7/14/2021	Wednesday	29	July	Jul	7	3	2021
20210715	7/15/2021	Thursday	29	July	Jul	7	3	2021
20210716	7/16/2021	Friday	29	July	Jul	7	3	2021
20210717	7/17/2021	Saturday	29	July	Jul	7	3	2021
20210718	7/18/2021	Sunday	30	July	Jul	7	3	2021
20210719	7/19/2021	Monday	30	July	Jul	7	3	2021
20210720	7/20/2021	Tuesday	30	July	Jul	7	3	2021
20210721	7/21/2021	Wednesday	30	July	Jul	7	3	2021
20210722	7/22/2021	Thursday	30	July	Jul	7	3	2021
20210723	7/23/2021	Friday	30	July	Jul	7	3	2021
20210724	7/24/2021	Saturday	30	July	Jul	7	3	2021
20210725	7/25/2021	Sunday	31	July	Jul	7	3	2021
20210726	7/26/2021	Monday	31	July	Jul	7	3	2021
20210727	7/27/2021	Tuesday	31	July	Jul	7	3	2021
20210728	7/28/2021	Wednesday	31	July	Jul	7	3	2021
20210729	7/29/2021	Thursday	31	July	Jul	7	3	2021
20210730	7/30/2021	Friday	31	July	Jul	7	3	2021
20210731	7/31/2021	Saturday	31	July	Jul	7	3	2021
20210801	8/1/2021	Sunday	32	August	Aug	8	3	2021
20210802	8/2/2021	Monday	32	August	Aug	8	3	2021
20210803	8/3/2021	Tuesday	32	August	Aug	8	3	2021
20210804	8/4/2021	Wednesday	32	August	Aug	8	3	2021
20210805	8/5/2021	Thursday	32	August	Aug	8	3	2021
20210806	8/6/2021	Friday	32	August	Aug	8	3	2021
20210807	8/7/2021	Saturday	32	August	Aug	8	3	2021
20210808	8/8/2021	Sunday	33	August	Aug	8	3	2021
20210809	8/9/2021	Monday	33	August	Aug	8	3	2021
20210810	8/10/2021	Tuesday	33	August	Aug	8	3	2021
20210811	8/11/2021	Wednesday	33	August	Aug	8	3	2021
20210812	8/12/2021	Thursday	33	August	Aug	8	3	2021
20210813	8/13/2021	Friday	33	August	Aug	8	3	2021
20210814	8/14/2021	Saturday	33	August	Aug	8	3	2021
20210815	8/15/2021	Sunday	34	August	Aug	8	3	2021
20210816	8/16/2021	Monday	34	August	Aug	8	3	2021
20210817	8/17/2021	Tuesday	34	August	Aug	8	3	2021
20210818	8/18/2021	Wednesday	34	August	Aug	8	3	2021
20210819	8/19/2021	Thursday	34	August	Aug	8	3	2021
20210820	8/20/2021	Friday	34	August	Aug	8	3	2021
20210821	8/21/2021	Saturday	34	August	Aug	8	3	2021
20210822	8/22/2021	Sunday	35	August	Aug	8	3	2021
20210823	8/23/2021	Monday	35	August	Aug	8	3	2021
20210824	8/24/2021	Tuesday	35	August	Aug	8	3	2021
20210825	8/25/2021	Wednesday	35	August	Aug	8	3	2021
20210826	8/26/2021	Thursday	35	August	Aug	8	3	2021
20210827	8/27/2021	Friday	35	August	Aug	8	3	2021
20210828	8/28/2021	Saturday	35	August	Aug	8	3	2021
20210829	8/29/2021	Sunday	36	August	Aug	8	3	2021
20210830	8/30/2021	Monday	36	August	Aug	8	3	2021
20210831	8/31/2021	Tuesday	36	August	Aug	8	3	2021
20210901	9/1/2021	Wednesday	36	September	Sep	9	3	2021
20210902	9/2/2021	Thursday	36	September	Sep	9	3	2021
20210903	9/3/2021	Friday	36	September	Sep	9	3	2021
20210904	9/4/2021	Saturday	36	September	Sep	9	3	2021
20210905	9/5/2021	Sunday	37	September	Sep	9	3	2021
20210906	9/6/2021	Monday	37	September	Sep	9	3	2021
20210907	9/7/2021	Tuesday	37	September	Sep	9	3	2021
20210908	9/8/2021	Wednesday	37	September	Sep	9	3	2021
20210909	9/9/2021	Thursday	37	September	Sep	9	3	2021
20210910	9/10/2021	Friday	37	September	Sep	9	3	2021
20210911	9/11/2021	Saturday	37	September	Sep	9	3	2021
20210912	9/12/2021	Sunday	38	September	Sep	9	3	2021
20210913	9/13/2021	Monday	38	September	Sep	9	3	2021
20210914	9/14/2021	Tuesday	38	September	Sep	9	3	2021
20210915	9/15/2021	Wednesday	38	September	Sep	9	3	2021
20210916	9/16/2021	Thursday	38	September	Sep	9	3	2021
20210917	9/17/2021	Friday	38	September	Sep	9	3	2021
20210918	9/18/2021	Saturday	38	September	Sep	9	3	2021
20210919	9/19/2021	Sunday	39	September	Sep	9	3	2021
20210920	9/20/2021	Monday	39	September	Sep	9	3	2021
20210921	9/21/2021	Tuesday	39	September	Sep	9	3	2021
20210922	9/22/2021	Wednesday	39	September	Sep	9	3	2021
20210923	9/23/2021	Thursday	39	September	Sep	9	3	2021
20210924	9/24/2021	Friday	39	September	Sep	9	3	2021
20210925	9/25/2021	Saturday	39	September	Sep	9	3	2021
20210926	9/26/2021	Sunday	40	September	Sep	9	3	2021
20210927	9/27/2021	Monday	40	September	Sep	9	3	2021
20210928	9/28/2021	Tuesday	40	September	Sep	9	3	2021
20210929	9/29/2021	Wednesday	40	September	Sep	9	3	2021
20210930	9/30/2021	Thursday	40	September	Sep	9	3	2021
20211001	10/1/2021	Friday	40	October	Oct	10	4	2021
20211002	10/2/2021	Saturday	40	October	Oct	10	4	2021
20211003	10/3/2021	Sunday	41	October	Oct	10	4	2021
20211004	10/4/2021	Monday	41	October	Oct	10	4	2021
20211005	10/5/2021	Tuesday	41	October	Oct	10	4	2021
20211006	10/6/2021	Wednesday	41	October	Oct	10	4	2021
20211007	10/7/2021	Thursday	41	October	Oct	10	4	2021
20211008	10/8/2021	Friday	41	October	Oct	10	4	2021
20211009	10/9/2021	Saturday	41	October	Oct	10	4	2021
20211010	10/10/2021	Sunday	42	October	Oct	10	4	2021
20211011	10/11/2021	Monday	42	October	Oct	10	4	2021
20211012	10/12/2021	Tuesday	42	October	Oct	10	4	2021
20211013	10/13/2021	Wednesday	42	October	Oct	10	4	2021
20211014	10/14/2021	Thursday	42	October	Oct	10	4	2021
20211015	10/15/2021	Friday	42	October	Oct	10	4	2021
20211016	10/16/2021	Saturday	42	October	Oct	10	4	2021
20211017	10/17/2021	Sunday	43	October	Oct	10	4	2021
20211018	10/18/2021	Monday	43	October	Oct	10	4	2021
20211019	10/19/2021	Tuesday	43	October	Oct	10	4	2021
20211020	10/20/2021	Wednesday	43	October	Oct	10	4	2021
20211021	10/21/2021	Thursday	43	October	Oct	10	4	2021
20211022	10/22/2021	Friday	43	October	Oct	10	4	2021
20211023	10/23/2021	Saturday	43	October	Oct	10	4	2021
20211024	10/24/2021	Sunday	44	October	Oct	10	4	2021
20211025	10/25/2021	Monday	44	October	Oct	10	4	2021
20211026	10/26/2021	Tuesday	44	October	Oct	10	4	2021
20211027	10/27/2021	Wednesday	44	October	Oct	10	4	2021
20211028	10/28/2021	Thursday	44	October	Oct	10	4	2021
20211029	10/29/2021	Friday	44	October	Oct	10	4	2021
20211030	10/30/2021	Saturday	44	October	Oct	10	4	2021
20211031	10/31/2021	Sunday	45	October	Oct	10	4	2021
20211101	11/1/2021	Monday	45	November	Nov	11	4	2021
20211102	11/2/2021	Tuesday	45	November	Nov	11	4	2021
20211103	11/3/2021	Wednesday	45	November	Nov	11	4	2021
20211104	11/4/2021	Thursday	45	November	Nov	11	4	2021
20211105	11/5/2021	Friday	45	November	Nov	11	4	2021
20211106	11/6/2021	Saturday	45	November	Nov	11	4	2021
20211107	11/7/2021	Sunday	46	November	Nov	11	4	2021
20211108	11/8/2021	Monday	46	November	Nov	11	4	2021
20211109	11/9/2021	Tuesday	46	November	Nov	11	4	2021
20211110	11/10/2021	Wednesday	46	November	Nov	11	4	2021
20211111	11/11/2021	Thursday	46	November	Nov	11	4	2021
20211112	11/12/2021	Friday	46	November	Nov	11	4	2021
20211113	11/13/2021	Saturday	46	November	Nov	11	4	2021
20211114	11/14/2021	Sunday	47	November	Nov	11	4	2021
20211115	11/15/2021	Monday	47	November	Nov	11	4	2021
20211116	11/16/2021	Tuesday	47	November	Nov	11	4	2021
20211117	11/17/2021	Wednesday	47	November	Nov	11	4	2021
20211118	11/18/2021	Thursday	47	November	Nov	11	4	2021
20211119	11/19/2021	Friday	47	November	Nov	11	4	2021
20211120	11/20/2021	Saturday	47	November	Nov	11	4	2021
20211121	11/21/2021	Sunday	48	November	Nov	11	4	2021
20211122	11/22/2021	Monday	48	November	Nov	11	4	2021
20211123	11/23/2021	Tuesday	48	November	Nov	11	4	2021
20211124	11/24/2021	Wednesday	48	November	Nov	11	4	2021
20211125	11/25/2021	Thursday	48	November	Nov	11	4	2021
20211126	11/26/2021	Friday	48	November	Nov	11	4	2021
20211127	11/27/2021	Saturday	48	November	Nov	11	4	2021
20211128	11/28/2021	Sunday	49	November	Nov	11	4	2021
20211129	11/29/2021	Monday	49	November	Nov	11	4	2021
20211130	11/30/2021	Tuesday	49	November	Nov	11	4	2021
20211201	12/1/2021	Wednesday	49	December	Dec	12	4	2021
20211202	12/2/2021	Thursday	49	December	Dec	12	4	2021
20211203	12/3/2021	Friday	49	December	Dec	12	4	2021
20211204	12/4/2021	Saturday	49	December	Dec	12	4	2021
20211205	12/5/2021	Sunday	50	December	Dec	12	4	2021
20211206	12/6/2021	Monday	50	December	Dec	12	4	2021
20211207	12/7/2021	Tuesday	50	December	Dec	12	4	2021
20211208	12/8/2021	Wednesday	50	December	Dec	12	4	2021
20211209	12/9/2021	Thursday	50	December	Dec	12	4	2021
20211210	12/10/2021	Friday	50	December	Dec	12	4	2021
20211211	12/11/2021	Saturday	50	December	Dec	12	4	2021
20211212	12/12/2021	Sunday	51	December	Dec	12	4	2021
20211213	12/13/2021	Monday	51	December	Dec	12	4	2021
20211214	12/14/2021	Tuesday	51	December	Dec	12	4	2021
20211215	12/15/2021	Wednesday	51	December	Dec	12	4	2021
20211216	12/16/2021	Thursday	51	December	Dec	12	4	2021
20211217	12/17/2021	Friday	51	December	Dec	12	4	2021
20211218	12/18/2021	Saturday	51	December	Dec	12	4	2021
20211219	12/19/2021	Sunday	52	December	Dec	12	4	2021
20211220	12/20/2021	Monday	52	December	Dec	12	4	2021
20211221	12/21/2021	Tuesday	52	December	Dec	12	4	2021
20211222	12/22/2021	Wednesday	52	December	Dec	12	4	2021
20211223	12/23/2021	Thursday	52	December	Dec	12	4	2021
20211224	12/24/2021	Friday	52	December	Dec	12	4	2021
20211225	12/25/2021	Saturday	52	December	Dec	12	4	2021
20211226	12/26/2021	Sunday	53	December	Dec	12	4	2021
20211227	12/27/2021	Monday	53	December	Dec	12	4	2021
20211228	12/28/2021	Tuesday	53	December	Dec	12	4	2021
20211229	12/29/2021	Wednesday	53	December	Dec	12	4	2021
20211230	12/30/2021	Thursday	53	December	Dec	12	4	2021
20211231	12/31/2021	Friday	53	December	Dec	12	4	2021
20220101	1/1/2022	Saturday	1	January	Jan	1	1	2022
20220102	1/2/2022	Sunday	2	January	Jan	1	1	2022
20220103	1/3/2022	Monday	2	January	Jan	1	1	2022
20220104	1/4/2022	Tuesday	2	January	Jan	1	1	2022
20220105	1/5/2022	Wednesday	2	January	Jan	1	1	2022
20220106	1/6/2022	Thursday	2	January	Jan	1	1	2022
20220107	1/7/2022	Friday	2	January	Jan	1	1	2022
20220108	1/8/2022	Saturday	2	January	Jan	1	1	2022
20220109	1/9/2022	Sunday	3	January	Jan	1	1	2022
20220110	1/10/2022	Monday	3	January	Jan	1	1	2022
20220111	1/11/2022	Tuesday	3	January	Jan	1	1	2022
20220112	1/12/2022	Wednesday	3	January	Jan	1	1	2022
20220113	1/13/2022	Thursday	3	January	Jan	1	1	2022
20220114	1/14/2022	Friday	3	January	Jan	1	1	2022
20220115	1/15/2022	Saturday	3	January	Jan	1	1	2022
20220116	1/16/2022	Sunday	4	January	Jan	1	1	2022
20220117	1/17/2022	Monday	4	January	Jan	1	1	2022
20220118	1/18/2022	Tuesday	4	January	Jan	1	1	2022
20220119	1/19/2022	Wednesday	4	January	Jan	1	1	2022
20220120	1/20/2022	Thursday	4	January	Jan	1	1	2022
20220121	1/21/2022	Friday	4	January	Jan	1	1	2022
20220122	1/22/2022	Saturday	4	January	Jan	1	1	2022
20220123	1/23/2022	Sunday	5	January	Jan	1	1	2022
20220124	1/24/2022	Monday	5	January	Jan	1	1	2022
20220125	1/25/2022	Tuesday	5	January	Jan	1	1	2022
20220126	1/26/2022	Wednesday	5	January	Jan	1	1	2022
20220127	1/27/2022	Thursday	5	January	Jan	1	1	2022
20220128	1/28/2022	Friday	5	January	Jan	1	1	2022
20220129	1/29/2022	Saturday	5	January	Jan	1	1	2022
20220130	1/30/2022	Sunday	6	January	Jan	1	1	2022
20220131	1/31/2022	Monday	6	January	Jan	1	1	2022
20220201	2/1/2022	Tuesday	6	February	Feb	2	1	2022
20220202	2/2/2022	Wednesday	6	February	Feb	2	1	2022
20220203	2/3/2022	Thursday	6	February	Feb	2	1	2022
20220204	2/4/2022	Friday	6	February	Feb	2	1	2022
20220205	2/5/2022	Saturday	6	February	Feb	2	1	2022
20220206	2/6/2022	Sunday	7	February	Feb	2	1	2022
20220207	2/7/2022	Monday	7	February	Feb	2	1	2022
20220208	2/8/2022	Tuesday	7	February	Feb	2	1	2022
20220209	2/9/2022	Wednesday	7	February	Feb	2	1	2022
20220210	2/10/2022	Thursday	7	February	Feb	2	1	2022
20220211	2/11/2022	Friday	7	February	Feb	2	1	2022
20220212	2/12/2022	Saturday	7	February	Feb	2	1	2022
20220213	2/13/2022	Sunday	8	February	Feb	2	1	2022
20220214	2/14/2022	Monday	8	February	Feb	2	1	2022
20220215	2/15/2022	Tuesday	8	February	Feb	2	1	2022
20220216	2/16/2022	Wednesday	8	February	Feb	2	1	2022
20220217	2/17/2022	Thursday	8	February	Feb	2	1	2022
20220218	2/18/2022	Friday	8	February	Feb	2	1	2022
20220219	2/19/2022	Saturday	8	February	Feb	2	1	2022
20220220	2/20/2022	Sunday	9	February	Feb	2	1	2022
20220221	2/21/2022	Monday	9	February	Feb	2	1	2022
20220222	2/22/2022	Tuesday	9	February	Feb	2	1	2022
20220223	2/23/2022	Wednesday	9	February	Feb	2	1	2022
20220224	2/24/2022	Thursday	9	February	Feb	2	1	2022
20220225	2/25/2022	Friday	9	February	Feb	2	1	2022
20220226	2/26/2022	Saturday	9	February	Feb	2	1	2022
20220227	2/27/2022	Sunday	10	February	Feb	2	1	2022
20220228	2/28/2022	Monday	10	February	Feb	2	1	2022
20220301	3/1/2022	Tuesday	10	March	Mar	3	1	2022
20220302	3/2/2022	Wednesday	10	March	Mar	3	1	2022
20220303	3/3/2022	Thursday	10	March	Mar	3	1	2022
20220304	3/4/2022	Friday	10	March	Mar	3	1	2022
20220305	3/5/2022	Saturday	10	March	Mar	3	1	2022
20220306	3/6/2022	Sunday	11	March	Mar	3	1	2022
20220307	3/7/2022	Monday	11	March	Mar	3	1	2022
20220308	3/8/2022	Tuesday	11	March	Mar	3	1	2022
20220309	3/9/2022	Wednesday	11	March	Mar	3	1	2022
20220310	3/10/2022	Thursday	11	March	Mar	3	1	2022
20220311	3/11/2022	Friday	11	March	Mar	3	1	2022
20220312	3/12/2022	Saturday	11	March	Mar	3	1	2022
20220313	3/13/2022	Sunday	12	March	Mar	3	1	2022
20220314	3/14/2022	Monday	12	March	Mar	3	1	2022
20220315	3/15/2022	Tuesday	12	March	Mar	3	1	2022
20220316	3/16/2022	Wednesday	12	March	Mar	3	1	2022
20220317	3/17/2022	Thursday	12	March	Mar	3	1	2022
20220318	3/18/2022	Friday	12	March	Mar	3	1	2022
20220319	3/19/2022	Saturday	12	March	Mar	3	1	2022
20220320	3/20/2022	Sunday	13	March	Mar	3	1	2022
20220321	3/21/2022	Monday	13	March	Mar	3	1	2022
20220322	3/22/2022	Tuesday	13	March	Mar	3	1	2022
20220323	3/23/2022	Wednesday	13	March	Mar	3	1	2022
20220324	3/24/2022	Thursday	13	March	Mar	3	1	2022
20220325	3/25/2022	Friday	13	March	Mar	3	1	2022
20220326	3/26/2022	Saturday	13	March	Mar	3	1	2022
20220327	3/27/2022	Sunday	14	March	Mar	3	1	2022
20220328	3/28/2022	Monday	14	March	Mar	3	1	2022
20220329	3/29/2022	Tuesday	14	March	Mar	3	1	2022
20220330	3/30/2022	Wednesday	14	March	Mar	3	1	2022
20220331	3/31/2022	Thursday	14	March	Mar	3	1	2022
20220401	4/1/2022	Friday	14	April	Apr	4	2	2022
20220402	4/2/2022	Saturday	14	April	Apr	4	2	2022
20220403	4/3/2022	Sunday	15	April	Apr	4	2	2022
20220404	4/4/2022	Monday	15	April	Apr	4	2	2022
20220405	4/5/2022	Tuesday	15	April	Apr	4	2	2022
20220406	4/6/2022	Wednesday	15	April	Apr	4	2	2022
20220407	4/7/2022	Thursday	15	April	Apr	4	2	2022
20220408	4/8/2022	Friday	15	April	Apr	4	2	2022
20220409	4/9/2022	Saturday	15	April	Apr	4	2	2022
20220410	4/10/2022	Sunday	16	April	Apr	4	2	2022
20220411	4/11/2022	Monday	16	April	Apr	4	2	2022
20220412	4/12/2022	Tuesday	16	April	Apr	4	2	2022
20220413	4/13/2022	Wednesday	16	April	Apr	4	2	2022
20220414	4/14/2022	Thursday	16	April	Apr	4	2	2022
20220415	4/15/2022	Friday	16	April	Apr	4	2	2022
20220416	4/16/2022	Saturday	16	April	Apr	4	2	2022
20220417	4/17/2022	Sunday	17	April	Apr	4	2	2022
20220418	4/18/2022	Monday	17	April	Apr	4	2	2022
20220419	4/19/2022	Tuesday	17	April	Apr	4	2	2022
20220420	4/20/2022	Wednesday	17	April	Apr	4	2	2022
20220421	4/21/2022	Thursday	17	April	Apr	4	2	2022
20220422	4/22/2022	Friday	17	April	Apr	4	2	2022
20220423	4/23/2022	Saturday	17	April	Apr	4	2	2022
20220424	4/24/2022	Sunday	18	April	Apr	4	2	2022
20220425	4/25/2022	Monday	18	April	Apr	4	2	2022
20220426	4/26/2022	Tuesday	18	April	Apr	4	2	2022
20220427	4/27/2022	Wednesday	18	April	Apr	4	2	2022
20220428	4/28/2022	Thursday	18	April	Apr	4	2	2022
20220429	4/29/2022	Friday	18	April	Apr	4	2	2022
20220430	4/30/2022	Saturday	18	April	Apr	4	2	2022
20220501	5/1/2022	Sunday	19	May	May	5	2	2022
20220502	5/2/2022	Monday	19	May	May	5	2	2022
20220503	5/3/2022	Tuesday	19	May	May	5	2	2022
20220504	5/4/2022	Wednesday	19	May	May	5	2	2022
20220505	5/5/2022	Thursday	19	May	May	5	2	2022
20220506	5/6/2022	Friday	19	May	May	5	2	2022
20220507	5/7/2022	Saturday	19	May	May	5	2	2022
20220508	5/8/2022	Sunday	20	May	May	5	2	2022
20220509	5/9/2022	Monday	20	May	May	5	2	2022
20220510	5/10/2022	Tuesday	20	May	May	5	2	2022
20220511	5/11/2022	Wednesday	20	May	May	5	2	2022
20220512	5/12/2022	Thursday	20	May	May	5	2	2022
20220513	5/13/2022	Friday	20	May	May	5	2	2022
20220514	5/14/2022	Saturday	20	May	May	5	2	2022
20220515	5/15/2022	Sunday	21	May	May	5	2	2022
20220516	5/16/2022	Monday	21	May	May	5	2	2022
20220517	5/17/2022	Tuesday	21	May	May	5	2	2022
20220518	5/18/2022	Wednesday	21	May	May	5	2	2022
20220519	5/19/2022	Thursday	21	May	May	5	2	2022
20220520	5/20/2022	Friday	21	May	May	5	2	2022
20220521	5/21/2022	Saturday	21	May	May	5	2	2022
20220522	5/22/2022	Sunday	22	May	May	5	2	2022
20220523	5/23/2022	Monday	22	May	May	5	2	2022
20220524	5/24/2022	Tuesday	22	May	May	5	2	2022
20220525	5/25/2022	Wednesday	22	May	May	5	2	2022
20220526	5/26/2022	Thursday	22	May	May	5	2	2022
20220527	5/27/2022	Friday	22	May	May	5	2	2022
20220528	5/28/2022	Saturday	22	May	May	5	2	2022
20220529	5/29/2022	Sunday	23	May	May	5	2	2022
20220530	5/30/2022	Monday	23	May	May	5	2	2022
20220531	5/31/2022	Tuesday	23	May	May	5	2	2022
20220601	6/1/2022	Wednesday	23	June	Jun	6	2	2022
20220602	6/2/2022	Thursday	23	June	Jun	6	2	2022
20220603	6/3/2022	Friday	23	June	Jun	6	2	2022
20220604	6/4/2022	Saturday	23	June	Jun	6	2	2022
20220605	6/5/2022	Sunday	24	June	Jun	6	2	2022
20220606	6/6/2022	Monday	24	June	Jun	6	2	2022
20220607	6/7/2022	Tuesday	24	June	Jun	6	2	2022
20220608	6/8/2022	Wednesday	24	June	Jun	6	2	2022
20220609	6/9/2022	Thursday	24	June	Jun	6	2	2022
20220610	6/10/2022	Friday	24	June	Jun	6	2	2022
20220611	6/11/2022	Saturday	24	June	Jun	6	2	2022
20220612	6/12/2022	Sunday	25	June	Jun	6	2	2022
20220613	6/13/2022	Monday	25	June	Jun	6	2	2022
20220614	6/14/2022	Tuesday	25	June	Jun	6	2	2022
20220615	6/15/2022	Wednesday	25	June	Jun	6	2	2022
20220616	6/16/2022	Thursday	25	June	Jun	6	2	2022
20220617	6/17/2022	Friday	25	June	Jun	6	2	2022
20220618	6/18/2022	Saturday	25	June	Jun	6	2	2022
20220619	6/19/2022	Sunday	26	June	Jun	6	2	2022
20220620	6/20/2022	Monday	26	June	Jun	6	2	2022
20220621	6/21/2022	Tuesday	26	June	Jun	6	2	2022
20220622	6/22/2022	Wednesday	26	June	Jun	6	2	2022
20220623	6/23/2022	Thursday	26	June	Jun	6	2	2022
20220624	6/24/2022	Friday	26	June	Jun	6	2	2022
20220625	6/25/2022	Saturday	26	June	Jun	6	2	2022
20220626	6/26/2022	Sunday	27	June	Jun	6	2	2022
20220627	6/27/2022	Monday	27	June	Jun	6	2	2022
20220628	6/28/2022	Tuesday	27	June	Jun	6	2	2022
20220629	6/29/2022	Wednesday	27	June	Jun	6	2	2022
20220630	6/30/2022	Thursday	27	June	Jun	6	2	2022
20220701	7/1/2022	Friday	27	July	Jul	7	3	2022
20220702	7/2/2022	Saturday	27	July	Jul	7	3	2022
20220703	7/3/2022	Sunday	28	July	Jul	7	3	2022
20220704	7/4/2022	Monday	28	July	Jul	7	3	2022
20220705	7/5/2022	Tuesday	28	July	Jul	7	3	2022
20220706	7/6/2022	Wednesday	28	July	Jul	7	3	2022
20220707	7/7/2022	Thursday	28	July	Jul	7	3	2022
20220708	7/8/2022	Friday	28	July	Jul	7	3	2022
20220709	7/9/2022	Saturday	28	July	Jul	7	3	2022
20220710	7/10/2022	Sunday	29	July	Jul	7	3	2022
20220711	7/11/2022	Monday	29	July	Jul	7	3	2022
20220712	7/12/2022	Tuesday	29	July	Jul	7	3	2022
20220713	7/13/2022	Wednesday	29	July	Jul	7	3	2022
20220714	7/14/2022	Thursday	29	July	Jul	7	3	2022
20220715	7/15/2022	Friday	29	July	Jul	7	3	2022
20220716	7/16/2022	Saturday	29	July	Jul	7	3	2022
20220717	7/17/2022	Sunday	30	July	Jul	7	3	2022
20220718	7/18/2022	Monday	30	July	Jul	7	3	2022
20220719	7/19/2022	Tuesday	30	July	Jul	7	3	2022
20220720	7/20/2022	Wednesday	30	July	Jul	7	3	2022
20220721	7/21/2022	Thursday	30	July	Jul	7	3	2022
20220722	7/22/2022	Friday	30	July	Jul	7	3	2022
20220723	7/23/2022	Saturday	30	July	Jul	7	3	2022
20220724	7/24/2022	Sunday	31	July	Jul	7	3	2022
20220725	7/25/2022	Monday	31	July	Jul	7	3	2022
20220726	7/26/2022	Tuesday	31	July	Jul	7	3	2022
20220727	7/27/2022	Wednesday	31	July	Jul	7	3	2022
20220728	7/28/2022	Thursday	31	July	Jul	7	3	2022
20220729	7/29/2022	Friday	31	July	Jul	7	3	2022
20220730	7/30/2022	Saturday	31	July	Jul	7	3	2022
20220731	7/31/2022	Sunday	32	July	Jul	7	3	2022
20220801	8/1/2022	Monday	32	August	Aug	8	3	2022
20220802	8/2/2022	Tuesday	32	August	Aug	8	3	2022
20220803	8/3/2022	Wednesday	32	August	Aug	8	3	2022
20220804	8/4/2022	Thursday	32	August	Aug	8	3	2022
20220805	8/5/2022	Friday	32	August	Aug	8	3	2022
20220806	8/6/2022	Saturday	32	August	Aug	8	3	2022
20220807	8/7/2022	Sunday	33	August	Aug	8	3	2022
20220808	8/8/2022	Monday	33	August	Aug	8	3	2022
20220809	8/9/2022	Tuesday	33	August	Aug	8	3	2022
20220810	8/10/2022	Wednesday	33	August	Aug	8	3	2022
20220811	8/11/2022	Thursday	33	August	Aug	8	3	2022
20220812	8/12/2022	Friday	33	August	Aug	8	3	2022
20220813	8/13/2022	Saturday	33	August	Aug	8	3	2022
20220814	8/14/2022	Sunday	34	August	Aug	8	3	2022
20220815	8/15/2022	Monday	34	August	Aug	8	3	2022
20220816	8/16/2022	Tuesday	34	August	Aug	8	3	2022
20220817	8/17/2022	Wednesday	34	August	Aug	8	3	2022
20220818	8/18/2022	Thursday	34	August	Aug	8	3	2022
20220819	8/19/2022	Friday	34	August	Aug	8	3	2022
20220820	8/20/2022	Saturday	34	August	Aug	8	3	2022
20220821	8/21/2022	Sunday	35	August	Aug	8	3	2022
20220822	8/22/2022	Monday	35	August	Aug	8	3	2022
20220823	8/23/2022	Tuesday	35	August	Aug	8	3	2022
20220824	8/24/2022	Wednesday	35	August	Aug	8	3	2022
20220825	8/25/2022	Thursday	35	August	Aug	8	3	2022
20220826	8/26/2022	Friday	35	August	Aug	8	3	2022
20220827	8/27/2022	Saturday	35	August	Aug	8	3	2022
20220828	8/28/2022	Sunday	36	August	Aug	8	3	2022
20220829	8/29/2022	Monday	36	August	Aug	8	3	2022
20220830	8/30/2022	Tuesday	36	August	Aug	8	3	2022
20220831	8/31/2022	Wednesday	36	August	Aug	8	3	2022
20220901	9/1/2022	Thursday	36	September	Sep	9	3	2022
20220902	9/2/2022	Friday	36	September	Sep	9	3	2022
20220903	9/3/2022	Saturday	36	September	Sep	9	3	2022
20220904	9/4/2022	Sunday	37	September	Sep	9	3	2022
20220905	9/5/2022	Monday	37	September	Sep	9	3	2022
20220906	9/6/2022	Tuesday	37	September	Sep	9	3	2022
20220907	9/7/2022	Wednesday	37	September	Sep	9	3	2022
20220908	9/8/2022	Thursday	37	September	Sep	9	3	2022
20220909	9/9/2022	Friday	37	September	Sep	9	3	2022
20220910	9/10/2022	Saturday	37	September	Sep	9	3	2022
20220911	9/11/2022	Sunday	38	September	Sep	9	3	2022
20220912	9/12/2022	Monday	38	September	Sep	9	3	2022
20220913	9/13/2022	Tuesday	38	September	Sep	9	3	2022
20220914	9/14/2022	Wednesday	38	September	Sep	9	3	2022
20220915	9/15/2022	Thursday	38	September	Sep	9	3	2022
20220916	9/16/2022	Friday	38	September	Sep	9	3	2022
20220917	9/17/2022	Saturday	38	September	Sep	9	3	2022
20220918	9/18/2022	Sunday	39	September	Sep	9	3	2022
20220919	9/19/2022	Monday	39	September	Sep	9	3	2022
20220920	9/20/2022	Tuesday	39	September	Sep	9	3	2022
20220921	9/21/2022	Wednesday	39	September	Sep	9	3	2022
20220922	9/22/2022	Thursday	39	September	Sep	9	3	2022
20220923	9/23/2022	Friday	39	September	Sep	9	3	2022
20220924	9/24/2022	Saturday	39	September	Sep	9	3	2022
20220925	9/25/2022	Sunday	40	September	Sep	9	3	2022
20220926	9/26/2022	Monday	40	September	Sep	9	3	2022
20220927	9/27/2022	Tuesday	40	September	Sep	9	3	2022
20220928	9/28/2022	Wednesday	40	September	Sep	9	3	2022
20220929	9/29/2022	Thursday	40	September	Sep	9	3	2022
20220930	9/30/2022	Friday	40	September	Sep	9	3	2022
20221001	10/1/2022	Saturday	40	October	Oct	10	4	2022
20221002	10/2/2022	Sunday	41	October	Oct	10	4	2022
20221003	10/3/2022	Monday	41	October	Oct	10	4	2022
20221004	10/4/2022	Tuesday	41	October	Oct	10	4	2022
20221005	10/5/2022	Wednesday	41	October	Oct	10	4	2022
20221006	10/6/2022	Thursday	41	October	Oct	10	4	2022
20221007	10/7/2022	Friday	41	October	Oct	10	4	2022
20221008	10/8/2022	Saturday	41	October	Oct	10	4	2022
20221009	10/9/2022	Sunday	42	October	Oct	10	4	2022
20221010	10/10/2022	Monday	42	October	Oct	10	4	2022
20221011	10/11/2022	Tuesday	42	October	Oct	10	4	2022
20221012	10/12/2022	Wednesday	42	October	Oct	10	4	2022
20221013	10/13/2022	Thursday	42	October	Oct	10	4	2022
20221014	10/14/2022	Friday	42	October	Oct	10	4	2022
20221015	10/15/2022	Saturday	42	October	Oct	10	4	2022
20221016	10/16/2022	Sunday	43	October	Oct	10	4	2022
20221017	10/17/2022	Monday	43	October	Oct	10	4	2022
20221018	10/18/2022	Tuesday	43	October	Oct	10	4	2022
20221019	10/19/2022	Wednesday	43	October	Oct	10	4	2022
20221020	10/20/2022	Thursday	43	October	Oct	10	4	2022
20221021	10/21/2022	Friday	43	October	Oct	10	4	2022
20221022	10/22/2022	Saturday	43	October	Oct	10	4	2022
20221023	10/23/2022	Sunday	44	October	Oct	10	4	2022
20221024	10/24/2022	Monday	44	October	Oct	10	4	2022
20221025	10/25/2022	Tuesday	44	October	Oct	10	4	2022
20221026	10/26/2022	Wednesday	44	October	Oct	10	4	2022
20221027	10/27/2022	Thursday	44	October	Oct	10	4	2022
20221028	10/28/2022	Friday	44	October	Oct	10	4	2022
20221029	10/29/2022	Saturday	44	October	Oct	10	4	2022
20221030	10/30/2022	Sunday	45	October	Oct	10	4	2022
20221031	10/31/2022	Monday	45	October	Oct	10	4	2022
20221101	11/1/2022	Tuesday	45	November	Nov	11	4	2022
20221102	11/2/2022	Wednesday	45	November	Nov	11	4	2022
20221103	11/3/2022	Thursday	45	November	Nov	11	4	2022
20221104	11/4/2022	Friday	45	November	Nov	11	4	2022
20221105	11/5/2022	Saturday	45	November	Nov	11	4	2022
20221106	11/6/2022	Sunday	46	November	Nov	11	4	2022
20221107	11/7/2022	Monday	46	November	Nov	11	4	2022
20221108	11/8/2022	Tuesday	46	November	Nov	11	4	2022
20221109	11/9/2022	Wednesday	46	November	Nov	11	4	2022
20221110	11/10/2022	Thursday	46	November	Nov	11	4	2022
20221111	11/11/2022	Friday	46	November	Nov	11	4	2022
20221112	11/12/2022	Saturday	46	November	Nov	11	4	2022
20221113	11/13/2022	Sunday	47	November	Nov	11	4	2022
20221114	11/14/2022	Monday	47	November	Nov	11	4	2022
20221115	11/15/2022	Tuesday	47	November	Nov	11	4	2022
20221116	11/16/2022	Wednesday	47	November	Nov	11	4	2022
20221117	11/17/2022	Thursday	47	November	Nov	11	4	2022
20221118	11/18/2022	Friday	47	November	Nov	11	4	2022
20221119	11/19/2022	Saturday	47	November	Nov	11	4	2022
20221120	11/20/2022	Sunday	48	November	Nov	11	4	2022
20221121	11/21/2022	Monday	48	November	Nov	11	4	2022
20221122	11/22/2022	Tuesday	48	November	Nov	11	4	2022
20221123	11/23/2022	Wednesday	48	November	Nov	11	4	2022
20221124	11/24/2022	Thursday	48	November	Nov	11	4	2022
20221125	11/25/2022	Friday	48	November	Nov	11	4	2022
20221126	11/26/2022	Saturday	48	November	Nov	11	4	2022
20221127	11/27/2022	Sunday	49	November	Nov	11	4	2022
20221128	11/28/2022	Monday	49	November	Nov	11	4	2022
20221129	11/29/2022	Tuesday	49	November	Nov	11	4	2022
20221130	11/30/2022	Wednesday	49	November	Nov	11	4	2022
20221201	12/1/2022	Thursday	49	December	Dec	12	4	2022
20221202	12/2/2022	Friday	49	December	Dec	12	4	2022
20221203	12/3/2022	Saturday	49	December	Dec	12	4	2022
20221204	12/4/2022	Sunday	50	December	Dec	12	4	2022
20221205	12/5/2022	Monday	50	December	Dec	12	4	2022
20221206	12/6/2022	Tuesday	50	December	Dec	12	4	2022
20221207	12/7/2022	Wednesday	50	December	Dec	12	4	2022
20221208	12/8/2022	Thursday	50	December	Dec	12	4	2022
20221209	12/9/2022	Friday	50	December	Dec	12	4	2022
20221210	12/10/2022	Saturday	50	December	Dec	12	4	2022
20221211	12/11/2022	Sunday	51	December	Dec	12	4	2022
20221212	12/12/2022	Monday	51	December	Dec	12	4	2022
20221213	12/13/2022	Tuesday	51	December	Dec	12	4	2022
20221214	12/14/2022	Wednesday	51	December	Dec	12	4	2022
20221215	12/15/2022	Thursday	51	December	Dec	12	4	2022
20221216	12/16/2022	Friday	51	December	Dec	12	4	2022
20221217	12/17/2022	Saturday	51	December	Dec	12	4	2022
20221218	12/18/2022	Sunday	52	December	Dec	12	4	2022
20221219	12/19/2022	Monday	52	December	Dec	12	4	2022
20221220	12/20/2022	Tuesday	52	December	Dec	12	4	2022
20221221	12/21/2022	Wednesday	52	December	Dec	12	4	2022
20221222	12/22/2022	Thursday	52	December	Dec	12	4	2022
20221223	12/23/2022	Friday	52	December	Dec	12	4	2022
20221224	12/24/2022	Saturday	52	December	Dec	12	4	2022
20221225	12/25/2022	Sunday	53	December	Dec	12	4	2022
20221226	12/26/2022	Monday	53	December	Dec	12	4	2022
20221227	12/27/2022	Tuesday	53	December	Dec	12	4	2022
20221228	12/28/2022	Wednesday	53	December	Dec	12	4	2022
20221229	12/29/2022	Thursday	53	December	Dec	12	4	2022
20221230	12/30/2022	Friday	53	December	Dec	12	4	2022
20221231	12/31/2022	Saturday	53	December	Dec	12	4	2022
20230101	1/1/2023	Sunday	1	January	Jan	1	1	2023
20230102	1/2/2023	Monday	1	January	Jan	1	1	2023
20230103	1/3/2023	Tuesday	1	January	Jan	1	1	2023
20230104	1/4/2023	Wednesday	1	January	Jan	1	1	2023
20230105	1/5/2023	Thursday	1	January	Jan	1	1	2023
20230106	1/6/2023	Friday	1	January	Jan	1	1	2023
20230107	1/7/2023	Saturday	1	January	Jan	1	1	2023
20230108	1/8/2023	Sunday	2	January	Jan	1	1	2023
20230109	1/9/2023	Monday	2	January	Jan	1	1	2023
20230110	1/10/2023	Tuesday	2	January	Jan	1	1	2023
20230111	1/11/2023	Wednesday	2	January	Jan	1	1	2023
20230112	1/12/2023	Thursday	2	January	Jan	1	1	2023
20230113	1/13/2023	Friday	2	January	Jan	1	1	2023
20230114	1/14/2023	Saturday	2	January	Jan	1	1	2023
20230115	1/15/2023	Sunday	3	January	Jan	1	1	2023
20230116	1/16/2023	Monday	3	January	Jan	1	1	2023
20230117	1/17/2023	Tuesday	3	January	Jan	1	1	2023
20230118	1/18/2023	Wednesday	3	January	Jan	1	1	2023
20230119	1/19/2023	Thursday	3	January	Jan	1	1	2023
20230120	1/20/2023	Friday	3	January	Jan	1	1	2023
20230121	1/21/2023	Saturday	3	January	Jan	1	1	2023
20230122	1/22/2023	Sunday	4	January	Jan	1	1	2023
20230123	1/23/2023	Monday	4	January	Jan	1	1	2023
20230124	1/24/2023	Tuesday	4	January	Jan	1	1	2023
20230125	1/25/2023	Wednesday	4	January	Jan	1	1	2023
20230126	1/26/2023	Thursday	4	January	Jan	1	1	2023
20230127	1/27/2023	Friday	4	January	Jan	1	1	2023
20230128	1/28/2023	Saturday	4	January	Jan	1	1	2023
20230129	1/29/2023	Sunday	5	January	Jan	1	1	2023
20230130	1/30/2023	Monday	5	January	Jan	1	1	2023
20230131	1/31/2023	Tuesday	5	January	Jan	1	1	2023
20230201	2/1/2023	Wednesday	5	February	Feb	2	1	2023
20230202	2/2/2023	Thursday	5	February	Feb	2	1	2023
20230203	2/3/2023	Friday	5	February	Feb	2	1	2023
20230204	2/4/2023	Saturday	5	February	Feb	2	1	2023
20230205	2/5/2023	Sunday	6	February	Feb	2	1	2023
20230206	2/6/2023	Monday	6	February	Feb	2	1	2023
20230207	2/7/2023	Tuesday	6	February	Feb	2	1	2023
20230208	2/8/2023	Wednesday	6	February	Feb	2	1	2023
20230209	2/9/2023	Thursday	6	February	Feb	2	1	2023
20230210	2/10/2023	Friday	6	February	Feb	2	1	2023
20230211	2/11/2023	Saturday	6	February	Feb	2	1	2023
20230212	2/12/2023	Sunday	7	February	Feb	2	1	2023
20230213	2/13/2023	Monday	7	February	Feb	2	1	2023
20230214	2/14/2023	Tuesday	7	February	Feb	2	1	2023
20230215	2/15/2023	Wednesday	7	February	Feb	2	1	2023
20230216	2/16/2023	Thursday	7	February	Feb	2	1	2023
20230217	2/17/2023	Friday	7	February	Feb	2	1	2023
20230218	2/18/2023	Saturday	7	February	Feb	2	1	2023
20230219	2/19/2023	Sunday	8	February	Feb	2	1	2023
20230220	2/20/2023	Monday	8	February	Feb	2	1	2023
20230221	2/21/2023	Tuesday	8	February	Feb	2	1	2023
20230222	2/22/2023	Wednesday	8	February	Feb	2	1	2023
20230223	2/23/2023	Thursday	8	February	Feb	2	1	2023
20230224	2/24/2023	Friday	8	February	Feb	2	1	2023
20230225	2/25/2023	Saturday	8	February	Feb	2	1	2023
20230226	2/26/2023	Sunday	9	February	Feb	2	1	2023
20230227	2/27/2023	Monday	9	February	Feb	2	1	2023
20230228	2/28/2023	Tuesday	9	February	Feb	2	1	2023
20230301	3/1/2023	Wednesday	9	March	Mar	3	1	2023
20230302	3/2/2023	Thursday	9	March	Mar	3	1	2023
20230303	3/3/2023	Friday	9	March	Mar	3	1	2023
20230304	3/4/2023	Saturday	9	March	Mar	3	1	2023
20230305	3/5/2023	Sunday	10	March	Mar	3	1	2023
20230306	3/6/2023	Monday	10	March	Mar	3	1	2023
20230307	3/7/2023	Tuesday	10	March	Mar	3	1	2023
20230308	3/8/2023	Wednesday	10	March	Mar	3	1	2023
20230309	3/9/2023	Thursday	10	March	Mar	3	1	2023
20230310	3/10/2023	Friday	10	March	Mar	3	1	2023
20230311	3/11/2023	Saturday	10	March	Mar	3	1	2023
20230312	3/12/2023	Sunday	11	March	Mar	3	1	2023
20230313	3/13/2023	Monday	11	March	Mar	3	1	2023
20230314	3/14/2023	Tuesday	11	March	Mar	3	1	2023
20230315	3/15/2023	Wednesday	11	March	Mar	3	1	2023
20230316	3/16/2023	Thursday	11	March	Mar	3	1	2023
20230317	3/17/2023	Friday	11	March	Mar	3	1	2023
20230318	3/18/2023	Saturday	11	March	Mar	3	1	2023
20230319	3/19/2023	Sunday	12	March	Mar	3	1	2023
20230320	3/20/2023	Monday	12	March	Mar	3	1	2023
20230321	3/21/2023	Tuesday	12	March	Mar	3	1	2023
20230322	3/22/2023	Wednesday	12	March	Mar	3	1	2023
20230323	3/23/2023	Thursday	12	March	Mar	3	1	2023
20230324	3/24/2023	Friday	12	March	Mar	3	1	2023
20230325	3/25/2023	Saturday	12	March	Mar	3	1	2023
20230326	3/26/2023	Sunday	13	March	Mar	3	1	2023
20230327	3/27/2023	Monday	13	March	Mar	3	1	2023
20230328	3/28/2023	Tuesday	13	March	Mar	3	1	2023
20230329	3/29/2023	Wednesday	13	March	Mar	3	1	2023
20230330	3/30/2023	Thursday	13	March	Mar	3	1	2023
20230331	3/31/2023	Friday	13	March	Mar	3	1	2023
20230401	4/1/2023	Saturday	13	April	Apr	4	2	2023
20230402	4/2/2023	Sunday	14	April	Apr	4	2	2023
20230403	4/3/2023	Monday	14	April	Apr	4	2	2023
20230404	4/4/2023	Tuesday	14	April	Apr	4	2	2023
20230405	4/5/2023	Wednesday	14	April	Apr	4	2	2023
20230406	4/6/2023	Thursday	14	April	Apr	4	2	2023
20230407	4/7/2023	Friday	14	April	Apr	4	2	2023
20230408	4/8/2023	Saturday	14	April	Apr	4	2	2023
20230409	4/9/2023	Sunday	15	April	Apr	4	2	2023
20230410	4/10/2023	Monday	15	April	Apr	4	2	2023
20230411	4/11/2023	Tuesday	15	April	Apr	4	2	2023
20230412	4/12/2023	Wednesday	15	April	Apr	4	2	2023
20230413	4/13/2023	Thursday	15	April	Apr	4	2	2023
20230414	4/14/2023	Friday	15	April	Apr	4	2	2023
20230415	4/15/2023	Saturday	15	April	Apr	4	2	2023
20230416	4/16/2023	Sunday	16	April	Apr	4	2	2023
20230417	4/17/2023	Monday	16	April	Apr	4	2	2023
20230418	4/18/2023	Tuesday	16	April	Apr	4	2	2023
20230419	4/19/2023	Wednesday	16	April	Apr	4	2	2023
20230420	4/20/2023	Thursday	16	April	Apr	4	2	2023
20230421	4/21/2023	Friday	16	April	Apr	4	2	2023
20230422	4/22/2023	Saturday	16	April	Apr	4	2	2023
20230423	4/23/2023	Sunday	17	April	Apr	4	2	2023
20230424	4/24/2023	Monday	17	April	Apr	4	2	2023
20230425	4/25/2023	Tuesday	17	April	Apr	4	2	2023
20230426	4/26/2023	Wednesday	17	April	Apr	4	2	2023
20230427	4/27/2023	Thursday	17	April	Apr	4	2	2023
20230428	4/28/2023	Friday	17	April	Apr	4	2	2023
20230429	4/29/2023	Saturday	17	April	Apr	4	2	2023
20230430	4/30/2023	Sunday	18	April	Apr	4	2	2023
20230501	5/1/2023	Monday	18	May	May	5	2	2023
20230502	5/2/2023	Tuesday	18	May	May	5	2	2023
20230503	5/3/2023	Wednesday	18	May	May	5	2	2023
20230504	5/4/2023	Thursday	18	May	May	5	2	2023
20230505	5/5/2023	Friday	18	May	May	5	2	2023
20230506	5/6/2023	Saturday	18	May	May	5	2	2023
20230507	5/7/2023	Sunday	19	May	May	5	2	2023
20230508	5/8/2023	Monday	19	May	May	5	2	2023
20230509	5/9/2023	Tuesday	19	May	May	5	2	2023
20230510	5/10/2023	Wednesday	19	May	May	5	2	2023
20230511	5/11/2023	Thursday	19	May	May	5	2	2023
20230512	5/12/2023	Friday	19	May	May	5	2	2023
20230513	5/13/2023	Saturday	19	May	May	5	2	2023
20230514	5/14/2023	Sunday	20	May	May	5	2	2023
20230515	5/15/2023	Monday	20	May	May	5	2	2023
20230516	5/16/2023	Tuesday	20	May	May	5	2	2023
20230517	5/17/2023	Wednesday	20	May	May	5	2	2023
20230518	5/18/2023	Thursday	20	May	May	5	2	2023
20230519	5/19/2023	Friday	20	May	May	5	2	2023
20230520	5/20/2023	Saturday	20	May	May	5	2	2023
20230521	5/21/2023	Sunday	21	May	May	5	2	2023
20230522	5/22/2023	Monday	21	May	May	5	2	2023
20230523	5/23/2023	Tuesday	21	May	May	5	2	2023
20230524	5/24/2023	Wednesday	21	May	May	5	2	2023
20230525	5/25/2023	Thursday	21	May	May	5	2	2023
20230526	5/26/2023	Friday	21	May	May	5	2	2023
20230527	5/27/2023	Saturday	21	May	May	5	2	2023
20230528	5/28/2023	Sunday	22	May	May	5	2	2023
20230529	5/29/2023	Monday	22	May	May	5	2	2023
20230530	5/30/2023	Tuesday	22	May	May	5	2	2023
20230531	5/31/2023	Wednesday	22	May	May	5	2	2023
20230601	6/1/2023	Thursday	22	June	Jun	6	2	2023
20230602	6/2/2023	Friday	22	June	Jun	6	2	2023
20230603	6/3/2023	Saturday	22	June	Jun	6	2	2023
20230604	6/4/2023	Sunday	23	June	Jun	6	2	2023
20230605	6/5/2023	Monday	23	June	Jun	6	2	2023
20230606	6/6/2023	Tuesday	23	June	Jun	6	2	2023
20230607	6/7/2023	Wednesday	23	June	Jun	6	2	2023
20230608	6/8/2023	Thursday	23	June	Jun	6	2	2023
20230609	6/9/2023	Friday	23	June	Jun	6	2	2023
20230610	6/10/2023	Saturday	23	June	Jun	6	2	2023
20230611	6/11/2023	Sunday	24	June	Jun	6	2	2023
20230612	6/12/2023	Monday	24	June	Jun	6	2	2023
20230613	6/13/2023	Tuesday	24	June	Jun	6	2	2023
20230614	6/14/2023	Wednesday	24	June	Jun	6	2	2023
20230615	6/15/2023	Thursday	24	June	Jun	6	2	2023
20230616	6/16/2023	Friday	24	June	Jun	6	2	2023
20230617	6/17/2023	Saturday	24	June	Jun	6	2	2023
20230618	6/18/2023	Sunday	25	June	Jun	6	2	2023
20230619	6/19/2023	Monday	25	June	Jun	6	2	2023
20230620	6/20/2023	Tuesday	25	June	Jun	6	2	2023
20230621	6/21/2023	Wednesday	25	June	Jun	6	2	2023
20230622	6/22/2023	Thursday	25	June	Jun	6	2	2023
20230623	6/23/2023	Friday	25	June	Jun	6	2	2023
20230624	6/24/2023	Saturday	25	June	Jun	6	2	2023
20230625	6/25/2023	Sunday	26	June	Jun	6	2	2023
20230626	6/26/2023	Monday	26	June	Jun	6	2	2023
20230627	6/27/2023	Tuesday	26	June	Jun	6	2	2023
20230628	6/28/2023	Wednesday	26	June	Jun	6	2	2023
20230629	6/29/2023	Thursday	26	June	Jun	6	2	2023
20230630	6/30/2023	Friday	26	June	Jun	6	2	2023
20230701	7/1/2023	Saturday	26	July	Jul	7	3	2023
20230702	7/2/2023	Sunday	27	July	Jul	7	3	2023
20230703	7/3/2023	Monday	27	July	Jul	7	3	2023
20230704	7/4/2023	Tuesday	27	July	Jul	7	3	2023
20230705	7/5/2023	Wednesday	27	July	Jul	7	3	2023
20230706	7/6/2023	Thursday	27	July	Jul	7	3	2023
20230707	7/7/2023	Friday	27	July	Jul	7	3	2023
20230708	7/8/2023	Saturday	27	July	Jul	7	3	2023
20230709	7/9/2023	Sunday	28	July	Jul	7	3	2023
20230710	7/10/2023	Monday	28	July	Jul	7	3	2023
20230711	7/11/2023	Tuesday	28	July	Jul	7	3	2023
20230712	7/12/2023	Wednesday	28	July	Jul	7	3	2023
20230713	7/13/2023	Thursday	28	July	Jul	7	3	2023
20230714	7/14/2023	Friday	28	July	Jul	7	3	2023
20230715	7/15/2023	Saturday	28	July	Jul	7	3	2023
20230716	7/16/2023	Sunday	29	July	Jul	7	3	2023
20230717	7/17/2023	Monday	29	July	Jul	7	3	2023
20230718	7/18/2023	Tuesday	29	July	Jul	7	3	2023
20230719	7/19/2023	Wednesday	29	July	Jul	7	3	2023
20230720	7/20/2023	Thursday	29	July	Jul	7	3	2023
20230721	7/21/2023	Friday	29	July	Jul	7	3	2023
20230722	7/22/2023	Saturday	29	July	Jul	7	3	2023
20230723	7/23/2023	Sunday	30	July	Jul	7	3	2023
20230724	7/24/2023	Monday	30	July	Jul	7	3	2023
20230725	7/25/2023	Tuesday	30	July	Jul	7	3	2023
20230726	7/26/2023	Wednesday	30	July	Jul	7	3	2023
20230727	7/27/2023	Thursday	30	July	Jul	7	3	2023
20230728	7/28/2023	Friday	30	July	Jul	7	3	2023
20230729	7/29/2023	Saturday	30	July	Jul	7	3	2023
20230730	7/30/2023	Sunday	31	July	Jul	7	3	2023
20230731	7/31/2023	Monday	31	July	Jul	7	3	2023
20230801	8/1/2023	Tuesday	31	August	Aug	8	3	2023
20230802	8/2/2023	Wednesday	31	August	Aug	8	3	2023
20230803	8/3/2023	Thursday	31	August	Aug	8	3	2023
20230804	8/4/2023	Friday	31	August	Aug	8	3	2023
20230805	8/5/2023	Saturday	31	August	Aug	8	3	2023
20230806	8/6/2023	Sunday	32	August	Aug	8	3	2023
20230807	8/7/2023	Monday	32	August	Aug	8	3	2023
20230808	8/8/2023	Tuesday	32	August	Aug	8	3	2023
20230809	8/9/2023	Wednesday	32	August	Aug	8	3	2023
20230810	8/10/2023	Thursday	32	August	Aug	8	3	2023
20230811	8/11/2023	Friday	32	August	Aug	8	3	2023
20230812	8/12/2023	Saturday	32	August	Aug	8	3	2023
20230813	8/13/2023	Sunday	33	August	Aug	8	3	2023
20230814	8/14/2023	Monday	33	August	Aug	8	3	2023
20230815	8/15/2023	Tuesday	33	August	Aug	8	3	2023
20230816	8/16/2023	Wednesday	33	August	Aug	8	3	2023
20230817	8/17/2023	Thursday	33	August	Aug	8	3	2023
20230818	8/18/2023	Friday	33	August	Aug	8	3	2023
20230819	8/19/2023	Saturday	33	August	Aug	8	3	2023
20230820	8/20/2023	Sunday	34	August	Aug	8	3	2023
20230821	8/21/2023	Monday	34	August	Aug	8	3	2023
20230822	8/22/2023	Tuesday	34	August	Aug	8	3	2023
20230823	8/23/2023	Wednesday	34	August	Aug	8	3	2023
20230824	8/24/2023	Thursday	34	August	Aug	8	3	2023
20230825	8/25/2023	Friday	34	August	Aug	8	3	2023
20230826	8/26/2023	Saturday	34	August	Aug	8	3	2023
20230827	8/27/2023	Sunday	35	August	Aug	8	3	2023
20230828	8/28/2023	Monday	35	August	Aug	8	3	2023
20230829	8/29/2023	Tuesday	35	August	Aug	8	3	2023
20230830	8/30/2023	Wednesday	35	August	Aug	8	3	2023
20230831	8/31/2023	Thursday	35	August	Aug	8	3	2023
20230901	9/1/2023	Friday	35	September	Sep	9	3	2023
20230902	9/2/2023	Saturday	35	September	Sep	9	3	2023
20230903	9/3/2023	Sunday	36	September	Sep	9	3	2023
20230904	9/4/2023	Monday	36	September	Sep	9	3	2023
20230905	9/5/2023	Tuesday	36	September	Sep	9	3	2023
20230906	9/6/2023	Wednesday	36	September	Sep	9	3	2023
20230907	9/7/2023	Thursday	36	September	Sep	9	3	2023
20230908	9/8/2023	Friday	36	September	Sep	9	3	2023
20230909	9/9/2023	Saturday	36	September	Sep	9	3	2023
20230910	9/10/2023	Sunday	37	September	Sep	9	3	2023
20230911	9/11/2023	Monday	37	September	Sep	9	3	2023
20230912	9/12/2023	Tuesday	37	September	Sep	9	3	2023
20230913	9/13/2023	Wednesday	37	September	Sep	9	3	2023
20230914	9/14/2023	Thursday	37	September	Sep	9	3	2023
20230915	9/15/2023	Friday	37	September	Sep	9	3	2023
20230916	9/16/2023	Saturday	37	September	Sep	9	3	2023
20230917	9/17/2023	Sunday	38	September	Sep	9	3	2023
20230918	9/18/2023	Monday	38	September	Sep	9	3	2023
20230919	9/19/2023	Tuesday	38	September	Sep	9	3	2023
20230920	9/20/2023	Wednesday	38	September	Sep	9	3	2023
20230921	9/21/2023	Thursday	38	September	Sep	9	3	2023
20230922	9/22/2023	Friday	38	September	Sep	9	3	2023
20230923	9/23/2023	Saturday	38	September	Sep	9	3	2023
20230924	9/24/2023	Sunday	39	September	Sep	9	3	2023
20230925	9/25/2023	Monday	39	September	Sep	9	3	2023
20230926	9/26/2023	Tuesday	39	September	Sep	9	3	2023
20230927	9/27/2023	Wednesday	39	September	Sep	9	3	2023
20230928	9/28/2023	Thursday	39	September	Sep	9	3	2023
20230929	9/29/2023	Friday	39	September	Sep	9	3	2023
20230930	9/30/2023	Saturday	39	September	Sep	9	3	2023
20231001	10/1/2023	Sunday	40	October	Oct	10	4	2023
20231002	10/2/2023	Monday	40	October	Oct	10	4	2023
20231003	10/3/2023	Tuesday	40	October	Oct	10	4	2023
20231004	10/4/2023	Wednesday	40	October	Oct	10	4	2023
20231005	10/5/2023	Thursday	40	October	Oct	10	4	2023
20231006	10/6/2023	Friday	40	October	Oct	10	4	2023
20231007	10/7/2023	Saturday	40	October	Oct	10	4	2023
20231008	10/8/2023	Sunday	41	October	Oct	10	4	2023
20231009	10/9/2023	Monday	41	October	Oct	10	4	2023
20231010	10/10/2023	Tuesday	41	October	Oct	10	4	2023
20231011	10/11/2023	Wednesday	41	October	Oct	10	4	2023
20231012	10/12/2023	Thursday	41	October	Oct	10	4	2023
20231013	10/13/2023	Friday	41	October	Oct	10	4	2023
20231014	10/14/2023	Saturday	41	October	Oct	10	4	2023
20231015	10/15/2023	Sunday	42	October	Oct	10	4	2023
20231016	10/16/2023	Monday	42	October	Oct	10	4	2023
20231017	10/17/2023	Tuesday	42	October	Oct	10	4	2023
20231018	10/18/2023	Wednesday	42	October	Oct	10	4	2023
20231019	10/19/2023	Thursday	42	October	Oct	10	4	2023
20231020	10/20/2023	Friday	42	October	Oct	10	4	2023
20231021	10/21/2023	Saturday	42	October	Oct	10	4	2023
20231022	10/22/2023	Sunday	43	October	Oct	10	4	2023
20231023	10/23/2023	Monday	43	October	Oct	10	4	2023
20231024	10/24/2023	Tuesday	43	October	Oct	10	4	2023
20231025	10/25/2023	Wednesday	43	October	Oct	10	4	2023
20231026	10/26/2023	Thursday	43	October	Oct	10	4	2023
20231027	10/27/2023	Friday	43	October	Oct	10	4	2023
20231028	10/28/2023	Saturday	43	October	Oct	10	4	2023
20231029	10/29/2023	Sunday	44	October	Oct	10	4	2023
20231030	10/30/2023	Monday	44	October	Oct	10	4	2023
20231031	10/31/2023	Tuesday	44	October	Oct	10	4	2023
20231101	11/1/2023	Wednesday	44	November	Nov	11	4	2023
20231102	11/2/2023	Thursday	44	November	Nov	11	4	2023
20231103	11/3/2023	Friday	44	November	Nov	11	4	2023
20231104	11/4/2023	Saturday	44	November	Nov	11	4	2023
20231105	11/5/2023	Sunday	45	November	Nov	11	4	2023
20231106	11/6/2023	Monday	45	November	Nov	11	4	2023
20231107	11/7/2023	Tuesday	45	November	Nov	11	4	2023
20231108	11/8/2023	Wednesday	45	November	Nov	11	4	2023
20231109	11/9/2023	Thursday	45	November	Nov	11	4	2023
20231110	11/10/2023	Friday	45	November	Nov	11	4	2023
20231111	11/11/2023	Saturday	45	November	Nov	11	4	2023
20231112	11/12/2023	Sunday	46	November	Nov	11	4	2023
20231113	11/13/2023	Monday	46	November	Nov	11	4	2023
20231114	11/14/2023	Tuesday	46	November	Nov	11	4	2023
20231115	11/15/2023	Wednesday	46	November	Nov	11	4	2023
20231116	11/16/2023	Thursday	46	November	Nov	11	4	2023
20231117	11/17/2023	Friday	46	November	Nov	11	4	2023
20231118	11/18/2023	Saturday	46	November	Nov	11	4	2023
20231119	11/19/2023	Sunday	47	November	Nov	11	4	2023
20231120	11/20/2023	Monday	47	November	Nov	11	4	2023
20231121	11/21/2023	Tuesday	47	November	Nov	11	4	2023
20231122	11/22/2023	Wednesday	47	November	Nov	11	4	2023
20231123	11/23/2023	Thursday	47	November	Nov	11	4	2023
20231124	11/24/2023	Friday	47	November	Nov	11	4	2023
20231125	11/25/2023	Saturday	47	November	Nov	11	4	2023
20231126	11/26/2023	Sunday	48	November	Nov	11	4	2023
20231127	11/27/2023	Monday	48	November	Nov	11	4	2023
20231128	11/28/2023	Tuesday	48	November	Nov	11	4	2023
20231129	11/29/2023	Wednesday	48	November	Nov	11	4	2023
20231130	11/30/2023	Thursday	48	November	Nov	11	4	2023
20231201	12/1/2023	Friday	48	December	Dec	12	4	2023
20231202	12/2/2023	Saturday	48	December	Dec	12	4	2023
20231203	12/3/2023	Sunday	49	December	Dec	12	4	2023
20231204	12/4/2023	Monday	49	December	Dec	12	4	2023
20231205	12/5/2023	Tuesday	49	December	Dec	12	4	2023
20231206	12/6/2023	Wednesday	49	December	Dec	12	4	2023
20231207	12/7/2023	Thursday	49	December	Dec	12	4	2023
20231208	12/8/2023	Friday	49	December	Dec	12	4	2023
20231209	12/9/2023	Saturday	49	December	Dec	12	4	2023
20231210	12/10/2023	Sunday	50	December	Dec	12	4	2023
20231211	12/11/2023	Monday	50	December	Dec	12	4	2023
20231212	12/12/2023	Tuesday	50	December	Dec	12	4	2023
20231213	12/13/2023	Wednesday	50	December	Dec	12	4	2023
20231214	12/14/2023	Thursday	50	December	Dec	12	4	2023
20231215	12/15/2023	Friday	50	December	Dec	12	4	2023
20231216	12/16/2023	Saturday	50	December	Dec	12	4	2023
20231217	12/17/2023	Sunday	51	December	Dec	12	4	2023
20231218	12/18/2023	Monday	51	December	Dec	12	4	2023
20231219	12/19/2023	Tuesday	51	December	Dec	12	4	2023
20231220	12/20/2023	Wednesday	51	December	Dec	12	4	2023
20231221	12/21/2023	Thursday	51	December	Dec	12	4	2023
20231222	12/22/2023	Friday	51	December	Dec	12	4	2023
20231223	12/23/2023	Saturday	51	December	Dec	12	4	2023
20231224	12/24/2023	Sunday	52	December	Dec	12	4	2023
20231225	12/25/2023	Monday	52	December	Dec	12	4	2023
20231226	12/26/2023	Tuesday	52	December	Dec	12	4	2023
20231227	12/27/2023	Wednesday	52	December	Dec	12	4	2023
20231228	12/28/2023	Thursday	52	December	Dec	12	4	2023
20231229	12/29/2023	Friday	52	December	Dec	12	4	2023
20231230	12/30/2023	Saturday	52	December	Dec	12	4	2023
20231231	12/31/2023	Sunday	53	December	Dec	12	4	2023
